/*
SQLyog Community v13.2.1 (64 bit)
MySQL - 8.0.36 : Database - kattiau
*********************************************************************
*/

/*!40101 SET NAMES utf8 */;

/*!40101 SET SQL_MODE=''*/;

/*!40014 SET @OLD_UNIQUE_CHECKS=@@UNIQUE_CHECKS, UNIQUE_CHECKS=0 */;
/*!40014 SET @OLD_FOREIGN_KEY_CHECKS=@@FOREIGN_KEY_CHECKS, FOREIGN_KEY_CHECKS=0 */;
/*!40101 SET @OLD_SQL_MODE=@@SQL_MODE, SQL_MODE='NO_AUTO_VALUE_ON_ZERO' */;
/*!40111 SET @OLD_SQL_NOTES=@@SQL_NOTES, SQL_NOTES=0 */;
CREATE DATABASE /*!32312 IF NOT EXISTS*/`kattiau` /*!40100 DEFAULT CHARACTER SET utf8mb4 COLLATE utf8mb4_0900_ai_ci */ /*!80016 DEFAULT ENCRYPTION='N' */;

USE `kattiau`;

/*Table structure for table `avaliacao` */

DROP TABLE IF EXISTS `avaliacao`;

CREATE TABLE `avaliacao` (
  `ID_Avaliacao` int NOT NULL AUTO_INCREMENT,
  `Comentario` text,
  `Avaliacao` int DEFAULT NULL,
  `ID_Produto` int DEFAULT NULL,
  `ID_Cliente` int DEFAULT NULL,
  PRIMARY KEY (`ID_Avaliacao`),
  KEY `ID_Produto` (`ID_Produto`),
  KEY `ID_Cliente` (`ID_Cliente`),
  CONSTRAINT `avaliacao_ibfk_1` FOREIGN KEY (`ID_Produto`) REFERENCES `produto` (`ID_Produto`),
  CONSTRAINT `avaliacao_ibfk_2` FOREIGN KEY (`ID_Cliente`) REFERENCES `cliente` (`ID_Cliente`)
) ENGINE=InnoDB AUTO_INCREMENT=401 DEFAULT CHARSET=utf8mb4 COLLATE=utf8mb4_0900_ai_ci;

/*Data for the table `avaliacao` */

insert  into `avaliacao`(`ID_Avaliacao`,`Comentario`,`Avaliacao`,`ID_Produto`,`ID_Cliente`) values 
(1,'Comentario_0',3,75,153),
(2,'Comentario_1',2,225,313),
(3,'Comentario_2',2,314,98),
(4,'Comentario_3',5,238,150),
(5,'Comentario_4',1,134,158),
(6,'Comentario_5',5,268,172),
(7,'Comentario_6',1,159,229),
(8,'Comentario_7',4,248,39),
(9,'Comentario_8',4,336,128),
(10,'Comentario_9',1,178,392),
(11,'Comentario_10',3,346,258),
(12,'Comentario_11',4,71,10),
(13,'Comentario_12',3,336,179),
(14,'Comentario_13',4,95,15),
(15,'Comentario_14',3,98,325),
(16,'Comentario_15',2,72,372),
(17,'Comentario_16',1,292,137),
(18,'Comentario_17',3,220,81),
(19,'Comentario_18',2,74,339),
(20,'Comentario_19',4,348,120),
(21,'Comentario_20',5,218,21),
(22,'Comentario_21',4,385,377),
(23,'Comentario_22',5,109,359),
(24,'Comentario_23',4,259,93),
(25,'Comentario_24',2,156,120),
(26,'Comentario_25',2,300,304),
(27,'Comentario_26',3,180,246),
(28,'Comentario_27',4,293,207),
(29,'Comentario_28',2,145,266),
(30,'Comentario_29',2,81,115),
(31,'Comentario_30',5,119,395),
(32,'Comentario_31',1,112,102),
(33,'Comentario_32',3,156,262),
(34,'Comentario_33',1,226,199),
(35,'Comentario_34',4,202,50),
(36,'Comentario_35',1,61,176),
(37,'Comentario_36',4,169,344),
(38,'Comentario_37',1,231,317),
(39,'Comentario_38',2,310,72),
(40,'Comentario_39',3,137,391),
(41,'Comentario_40',5,145,93),
(42,'Comentario_41',1,275,83),
(43,'Comentario_42',5,83,58),
(44,'Comentario_43',1,20,382),
(45,'Comentario_44',4,108,187),
(46,'Comentario_45',3,83,188),
(47,'Comentario_46',4,94,393),
(48,'Comentario_47',2,30,304),
(49,'Comentario_48',3,237,94),
(50,'Comentario_49',3,119,114),
(51,'Comentario_50',3,316,146),
(52,'Comentario_51',3,69,200),
(53,'Comentario_52',5,169,61),
(54,'Comentario_53',3,7,241),
(55,'Comentario_54',5,392,9),
(56,'Comentario_55',1,318,180),
(57,'Comentario_56',5,3,168),
(58,'Comentario_57',1,55,178),
(59,'Comentario_58',5,284,48),
(60,'Comentario_59',3,1,236),
(61,'Comentario_60',5,381,370),
(62,'Comentario_61',4,17,368),
(63,'Comentario_62',3,234,209),
(64,'Comentario_63',5,269,328),
(65,'Comentario_64',1,370,158),
(66,'Comentario_65',1,315,141),
(67,'Comentario_66',2,366,158),
(68,'Comentario_67',2,373,396),
(69,'Comentario_68',1,310,170),
(70,'Comentario_69',4,286,71),
(71,'Comentario_70',4,70,258),
(72,'Comentario_71',4,222,274),
(73,'Comentario_72',4,288,132),
(74,'Comentario_73',3,185,334),
(75,'Comentario_74',4,173,320),
(76,'Comentario_75',4,32,123),
(77,'Comentario_76',2,226,374),
(78,'Comentario_77',5,22,142),
(79,'Comentario_78',4,2,70),
(80,'Comentario_79',5,309,112),
(81,'Comentario_80',1,230,248),
(82,'Comentario_81',2,1,360),
(83,'Comentario_82',3,296,95),
(84,'Comentario_83',5,37,231),
(85,'Comentario_84',4,133,330),
(86,'Comentario_85',1,49,100),
(87,'Comentario_86',5,259,240),
(88,'Comentario_87',1,193,96),
(89,'Comentario_88',4,17,383),
(90,'Comentario_89',4,154,389),
(91,'Comentario_90',4,241,360),
(92,'Comentario_91',4,306,298),
(93,'Comentario_92',3,364,104),
(94,'Comentario_93',3,27,252),
(95,'Comentario_94',5,324,90),
(96,'Comentario_95',4,323,377),
(97,'Comentario_96',2,252,110),
(98,'Comentario_97',3,229,170),
(99,'Comentario_98',3,303,228),
(100,'Comentario_99',3,56,396),
(101,'Comentario_0',4,137,112),
(102,'Comentario_1',2,405,79),
(103,'Comentario_2',2,160,263),
(104,'Comentario_3',4,378,388),
(105,'Comentario_4',4,361,389),
(106,'Comentario_5',4,136,98),
(107,'Comentario_6',1,104,281),
(108,'Comentario_7',1,118,312),
(109,'Comentario_8',3,89,330),
(110,'Comentario_9',4,414,425),
(111,'Comentario_10',4,153,106),
(112,'Comentario_11',1,41,489),
(113,'Comentario_12',4,136,218),
(114,'Comentario_13',2,249,201),
(115,'Comentario_14',3,198,207),
(116,'Comentario_15',5,93,135),
(117,'Comentario_16',4,64,139),
(118,'Comentario_17',1,92,453),
(119,'Comentario_18',5,87,468),
(120,'Comentario_19',1,476,151),
(121,'Comentario_20',4,173,389),
(122,'Comentario_21',5,468,58),
(123,'Comentario_22',4,255,117),
(124,'Comentario_23',4,244,263),
(125,'Comentario_24',1,117,342),
(126,'Comentario_25',4,255,206),
(127,'Comentario_26',3,202,218),
(128,'Comentario_27',5,260,351),
(129,'Comentario_28',5,312,139),
(130,'Comentario_29',3,378,112),
(131,'Comentario_30',5,285,152),
(132,'Comentario_31',5,67,121),
(133,'Comentario_32',5,155,63),
(134,'Comentario_33',4,55,229),
(135,'Comentario_34',5,202,75),
(136,'Comentario_35',3,116,274),
(137,'Comentario_36',1,285,361),
(138,'Comentario_37',5,158,446),
(139,'Comentario_38',3,429,386),
(140,'Comentario_39',2,52,334),
(141,'Comentario_40',1,62,271),
(142,'Comentario_41',2,20,101),
(143,'Comentario_42',5,416,248),
(144,'Comentario_43',5,218,113),
(145,'Comentario_44',5,212,326),
(146,'Comentario_45',5,500,14),
(147,'Comentario_46',1,291,254),
(148,'Comentario_47',4,229,449),
(149,'Comentario_48',1,436,8),
(150,'Comentario_49',3,145,21),
(151,'Comentario_50',2,285,417),
(152,'Comentario_51',3,388,258),
(153,'Comentario_52',2,350,373),
(154,'Comentario_53',4,455,331),
(155,'Comentario_54',3,449,380),
(156,'Comentario_55',1,126,469),
(157,'Comentario_56',5,432,253),
(158,'Comentario_57',5,96,66),
(159,'Comentario_58',1,9,421),
(160,'Comentario_59',1,113,339),
(161,'Comentario_60',4,257,220),
(162,'Comentario_61',4,490,459),
(163,'Comentario_62',4,245,250),
(164,'Comentario_63',1,331,107),
(165,'Comentario_64',1,373,247),
(166,'Comentario_65',2,332,318),
(167,'Comentario_66',1,2,235),
(168,'Comentario_67',2,135,170),
(169,'Comentario_68',5,207,204),
(170,'Comentario_69',5,389,243),
(171,'Comentario_70',1,8,395),
(172,'Comentario_71',5,82,47),
(173,'Comentario_72',5,300,33),
(174,'Comentario_73',3,236,380),
(175,'Comentario_74',2,302,446),
(176,'Comentario_75',4,276,410),
(177,'Comentario_76',3,379,227),
(178,'Comentario_77',5,308,44),
(179,'Comentario_78',3,354,379),
(180,'Comentario_79',4,13,73),
(181,'Comentario_80',4,413,84),
(182,'Comentario_81',2,154,227),
(183,'Comentario_82',2,178,373),
(184,'Comentario_83',4,34,177),
(185,'Comentario_84',3,379,49),
(186,'Comentario_85',2,384,101),
(187,'Comentario_86',4,458,231),
(188,'Comentario_87',3,213,221),
(189,'Comentario_88',5,157,394),
(190,'Comentario_89',5,299,4),
(191,'Comentario_90',2,114,191),
(192,'Comentario_91',2,499,150),
(193,'Comentario_92',3,318,329),
(194,'Comentario_93',2,462,238),
(195,'Comentario_94',4,306,119),
(196,'Comentario_95',2,16,57),
(197,'Comentario_96',3,1,302),
(198,'Comentario_97',1,115,63),
(199,'Comentario_98',5,163,404),
(200,'Comentario_99',1,438,100),
(201,'Comentario_0',3,244,331),
(202,'Comentario_1',3,17,319),
(203,'Comentario_2',3,167,401),
(204,'Comentario_3',3,303,10),
(205,'Comentario_4',3,468,120),
(206,'Comentario_5',4,418,303),
(207,'Comentario_6',3,400,15),
(208,'Comentario_7',1,317,169),
(209,'Comentario_8',5,156,499),
(210,'Comentario_9',2,249,556),
(211,'Comentario_10',2,93,367),
(212,'Comentario_11',3,87,560),
(213,'Comentario_12',2,205,13),
(214,'Comentario_13',1,214,316),
(215,'Comentario_14',3,141,293),
(216,'Comentario_15',4,123,491),
(217,'Comentario_16',3,567,169),
(218,'Comentario_17',3,11,222),
(219,'Comentario_18',4,527,598),
(220,'Comentario_19',2,442,390),
(221,'Comentario_20',1,142,41),
(222,'Comentario_21',4,580,558),
(223,'Comentario_22',4,561,266),
(224,'Comentario_23',3,422,179),
(225,'Comentario_24',2,594,493),
(226,'Comentario_25',1,126,388),
(227,'Comentario_26',4,44,333),
(228,'Comentario_27',3,73,562),
(229,'Comentario_28',2,456,512),
(230,'Comentario_29',5,234,587),
(231,'Comentario_30',4,405,124),
(232,'Comentario_31',1,255,59),
(233,'Comentario_32',2,473,172),
(234,'Comentario_33',1,294,143),
(235,'Comentario_34',4,533,167),
(236,'Comentario_35',4,482,499),
(237,'Comentario_36',4,135,538),
(238,'Comentario_37',5,199,145),
(239,'Comentario_38',2,212,70),
(240,'Comentario_39',3,156,438),
(241,'Comentario_40',5,96,112),
(242,'Comentario_41',3,432,140),
(243,'Comentario_42',1,189,340),
(244,'Comentario_43',5,445,25),
(245,'Comentario_44',5,466,567),
(246,'Comentario_45',2,76,273),
(247,'Comentario_46',5,70,534),
(248,'Comentario_47',1,496,499),
(249,'Comentario_48',4,538,267),
(250,'Comentario_49',3,200,39),
(251,'Comentario_50',2,263,127),
(252,'Comentario_51',4,45,87),
(253,'Comentario_52',3,45,519),
(254,'Comentario_53',1,551,171),
(255,'Comentario_54',4,279,201),
(256,'Comentario_55',2,236,75),
(257,'Comentario_56',3,516,573),
(258,'Comentario_57',1,67,582),
(259,'Comentario_58',3,399,467),
(260,'Comentario_59',5,83,4),
(261,'Comentario_60',4,46,313),
(262,'Comentario_61',2,188,262),
(263,'Comentario_62',2,553,520),
(264,'Comentario_63',3,142,289),
(265,'Comentario_64',4,13,19),
(266,'Comentario_65',1,214,305),
(267,'Comentario_66',3,499,445),
(268,'Comentario_67',2,497,308),
(269,'Comentario_68',1,502,576),
(270,'Comentario_69',2,326,518),
(271,'Comentario_70',4,493,35),
(272,'Comentario_71',5,586,236),
(273,'Comentario_72',1,585,468),
(274,'Comentario_73',5,326,470),
(275,'Comentario_74',2,57,365),
(276,'Comentario_75',4,566,271),
(277,'Comentario_76',3,481,429),
(278,'Comentario_77',1,418,587),
(279,'Comentario_78',4,32,523),
(280,'Comentario_79',1,217,134),
(281,'Comentario_80',1,292,203),
(282,'Comentario_81',2,78,579),
(283,'Comentario_82',3,160,21),
(284,'Comentario_83',2,457,412),
(285,'Comentario_84',1,411,587),
(286,'Comentario_85',5,141,401),
(287,'Comentario_86',4,113,16),
(288,'Comentario_87',3,441,591),
(289,'Comentario_88',4,389,48),
(290,'Comentario_89',3,16,462),
(291,'Comentario_90',4,322,225),
(292,'Comentario_91',2,113,91),
(293,'Comentario_92',1,308,592),
(294,'Comentario_93',2,3,505),
(295,'Comentario_94',1,257,342),
(296,'Comentario_95',3,73,543),
(297,'Comentario_96',1,45,539),
(298,'Comentario_97',2,382,231),
(299,'Comentario_98',1,554,341),
(300,'Comentario_99',1,394,40),
(301,'Comentario_0',1,96,139),
(302,'Comentario_1',4,420,279),
(303,'Comentario_2',2,429,545),
(304,'Comentario_3',2,150,39),
(305,'Comentario_4',3,406,395),
(306,'Comentario_5',2,197,515),
(307,'Comentario_6',2,570,499),
(308,'Comentario_7',2,36,220),
(309,'Comentario_8',4,89,474),
(310,'Comentario_9',3,99,183),
(311,'Comentario_10',1,125,580),
(312,'Comentario_11',2,80,27),
(313,'Comentario_12',5,599,304),
(314,'Comentario_13',3,107,164),
(315,'Comentario_14',5,194,77),
(316,'Comentario_15',4,592,545),
(317,'Comentario_16',3,103,72),
(318,'Comentario_17',1,41,50),
(319,'Comentario_18',2,484,238),
(320,'Comentario_19',3,381,287),
(321,'Comentario_20',3,588,272),
(322,'Comentario_21',2,157,200),
(323,'Comentario_22',5,251,261),
(324,'Comentario_23',5,186,468),
(325,'Comentario_24',5,310,398),
(326,'Comentario_25',4,506,548),
(327,'Comentario_26',1,265,60),
(328,'Comentario_27',1,331,147),
(329,'Comentario_28',3,75,545),
(330,'Comentario_29',1,59,598),
(331,'Comentario_30',4,276,134),
(332,'Comentario_31',4,19,559),
(333,'Comentario_32',3,22,291),
(334,'Comentario_33',2,55,319),
(335,'Comentario_34',2,180,217),
(336,'Comentario_35',5,269,314),
(337,'Comentario_36',2,458,11),
(338,'Comentario_37',4,568,200),
(339,'Comentario_38',5,70,67),
(340,'Comentario_39',2,416,509),
(341,'Comentario_40',1,150,466),
(342,'Comentario_41',1,187,106),
(343,'Comentario_42',5,109,48),
(344,'Comentario_43',5,26,385),
(345,'Comentario_44',1,282,66),
(346,'Comentario_45',1,214,223),
(347,'Comentario_46',4,488,423),
(348,'Comentario_47',1,198,229),
(349,'Comentario_48',5,267,283),
(350,'Comentario_49',1,412,224),
(351,'Comentario_50',5,539,47),
(352,'Comentario_51',4,155,117),
(353,'Comentario_52',1,243,260),
(354,'Comentario_53',5,258,186),
(355,'Comentario_54',2,227,64),
(356,'Comentario_55',2,402,91),
(357,'Comentario_56',4,174,123),
(358,'Comentario_57',1,80,132),
(359,'Comentario_58',4,490,599),
(360,'Comentario_59',3,427,561),
(361,'Comentario_60',3,536,506),
(362,'Comentario_61',3,86,66),
(363,'Comentario_62',1,158,577),
(364,'Comentario_63',1,127,599),
(365,'Comentario_64',2,468,499),
(366,'Comentario_65',5,358,315),
(367,'Comentario_66',5,364,312),
(368,'Comentario_67',4,202,206),
(369,'Comentario_68',4,299,224),
(370,'Comentario_69',2,436,316),
(371,'Comentario_70',3,404,9),
(372,'Comentario_71',1,139,592),
(373,'Comentario_72',2,149,308),
(374,'Comentario_73',5,339,214),
(375,'Comentario_74',1,237,416),
(376,'Comentario_75',2,199,487),
(377,'Comentario_76',1,516,72),
(378,'Comentario_77',1,439,363),
(379,'Comentario_78',5,200,106),
(380,'Comentario_79',5,518,409),
(381,'Comentario_80',5,31,479),
(382,'Comentario_81',5,462,213),
(383,'Comentario_82',3,136,456),
(384,'Comentario_83',1,190,135),
(385,'Comentario_84',1,105,217),
(386,'Comentario_85',2,209,528),
(387,'Comentario_86',2,73,330),
(388,'Comentario_87',2,166,136),
(389,'Comentario_88',2,504,169),
(390,'Comentario_89',5,372,249),
(391,'Comentario_90',2,503,326),
(392,'Comentario_91',1,220,141),
(393,'Comentario_92',1,389,17),
(394,'Comentario_93',1,534,518),
(395,'Comentario_94',4,389,180),
(396,'Comentario_95',3,507,347),
(397,'Comentario_96',2,20,64),
(398,'Comentario_97',3,506,549),
(399,'Comentario_98',1,284,140),
(400,'Comentario_99',4,13,526);

/*Table structure for table `categoria` */

DROP TABLE IF EXISTS `categoria`;

CREATE TABLE `categoria` (
  `ID_Categoria` int NOT NULL AUTO_INCREMENT,
  `Nome` varchar(100) DEFAULT NULL,
  PRIMARY KEY (`ID_Categoria`)
) ENGINE=InnoDB AUTO_INCREMENT=331 DEFAULT CHARSET=utf8mb4 COLLATE=utf8mb4_0900_ai_ci;

/*Data for the table `categoria` */

insert  into `categoria`(`ID_Categoria`,`Nome`) values 
(1,'Categoria_0'),
(2,'Categoria_1'),
(3,'Categoria_2'),
(4,'Categoria_3'),
(5,'Categoria_4'),
(6,'Categoria_5'),
(7,'Categoria_6'),
(8,'Categoria_7'),
(9,'Categoria_8'),
(10,'Categoria_9'),
(11,'Categoria_0'),
(12,'Categoria_1'),
(13,'Categoria_2'),
(14,'Categoria_3'),
(15,'Categoria_4'),
(16,'Categoria_5'),
(17,'Categoria_6'),
(18,'Categoria_7'),
(19,'Categoria_8'),
(20,'Categoria_9'),
(21,'Categoria_0'),
(22,'Categoria_1'),
(23,'Categoria_2'),
(24,'Categoria_3'),
(25,'Categoria_4'),
(26,'Categoria_5'),
(27,'Categoria_6'),
(28,'Categoria_7'),
(29,'Categoria_8'),
(30,'Categoria_9'),
(31,'Categoria_0'),
(32,'Categoria_1'),
(33,'Categoria_2'),
(34,'Categoria_3'),
(35,'Categoria_4'),
(36,'Categoria_5'),
(37,'Categoria_6'),
(38,'Categoria_7'),
(39,'Categoria_8'),
(40,'Categoria_9'),
(41,'Categoria_10'),
(42,'Categoria_11'),
(43,'Categoria_12'),
(44,'Categoria_13'),
(45,'Categoria_14'),
(46,'Categoria_15'),
(47,'Categoria_16'),
(48,'Categoria_17'),
(49,'Categoria_18'),
(50,'Categoria_19'),
(51,'Categoria_20'),
(52,'Categoria_21'),
(53,'Categoria_22'),
(54,'Categoria_23'),
(55,'Categoria_24'),
(56,'Categoria_25'),
(57,'Categoria_26'),
(58,'Categoria_27'),
(59,'Categoria_28'),
(60,'Categoria_29'),
(61,'Categoria_30'),
(62,'Categoria_31'),
(63,'Categoria_32'),
(64,'Categoria_33'),
(65,'Categoria_34'),
(66,'Categoria_35'),
(67,'Categoria_36'),
(68,'Categoria_37'),
(69,'Categoria_38'),
(70,'Categoria_39'),
(71,'Categoria_40'),
(72,'Categoria_41'),
(73,'Categoria_42'),
(74,'Categoria_43'),
(75,'Categoria_44'),
(76,'Categoria_45'),
(77,'Categoria_46'),
(78,'Categoria_47'),
(79,'Categoria_48'),
(80,'Categoria_49'),
(81,'Categoria_50'),
(82,'Categoria_51'),
(83,'Categoria_52'),
(84,'Categoria_53'),
(85,'Categoria_54'),
(86,'Categoria_55'),
(87,'Categoria_56'),
(88,'Categoria_57'),
(89,'Categoria_58'),
(90,'Categoria_59'),
(91,'Categoria_60'),
(92,'Categoria_61'),
(93,'Categoria_62'),
(94,'Categoria_63'),
(95,'Categoria_64'),
(96,'Categoria_65'),
(97,'Categoria_66'),
(98,'Categoria_67'),
(99,'Categoria_68'),
(100,'Categoria_69'),
(101,'Categoria_70'),
(102,'Categoria_71'),
(103,'Categoria_72'),
(104,'Categoria_73'),
(105,'Categoria_74'),
(106,'Categoria_75'),
(107,'Categoria_76'),
(108,'Categoria_77'),
(109,'Categoria_78'),
(110,'Categoria_79'),
(111,'Categoria_80'),
(112,'Categoria_81'),
(113,'Categoria_82'),
(114,'Categoria_83'),
(115,'Categoria_84'),
(116,'Categoria_85'),
(117,'Categoria_86'),
(118,'Categoria_87'),
(119,'Categoria_88'),
(120,'Categoria_89'),
(121,'Categoria_90'),
(122,'Categoria_91'),
(123,'Categoria_92'),
(124,'Categoria_93'),
(125,'Categoria_94'),
(126,'Categoria_95'),
(127,'Categoria_96'),
(128,'Categoria_97'),
(129,'Categoria_98'),
(130,'Categoria_99'),
(131,'Categoria_0'),
(132,'Categoria_1'),
(133,'Categoria_2'),
(134,'Categoria_3'),
(135,'Categoria_4'),
(136,'Categoria_5'),
(137,'Categoria_6'),
(138,'Categoria_7'),
(139,'Categoria_8'),
(140,'Categoria_9'),
(141,'Categoria_10'),
(142,'Categoria_11'),
(143,'Categoria_12'),
(144,'Categoria_13'),
(145,'Categoria_14'),
(146,'Categoria_15'),
(147,'Categoria_16'),
(148,'Categoria_17'),
(149,'Categoria_18'),
(150,'Categoria_19'),
(151,'Categoria_20'),
(152,'Categoria_21'),
(153,'Categoria_22'),
(154,'Categoria_23'),
(155,'Categoria_24'),
(156,'Categoria_25'),
(157,'Categoria_26'),
(158,'Categoria_27'),
(159,'Categoria_28'),
(160,'Categoria_29'),
(161,'Categoria_30'),
(162,'Categoria_31'),
(163,'Categoria_32'),
(164,'Categoria_33'),
(165,'Categoria_34'),
(166,'Categoria_35'),
(167,'Categoria_36'),
(168,'Categoria_37'),
(169,'Categoria_38'),
(170,'Categoria_39'),
(171,'Categoria_40'),
(172,'Categoria_41'),
(173,'Categoria_42'),
(174,'Categoria_43'),
(175,'Categoria_44'),
(176,'Categoria_45'),
(177,'Categoria_46'),
(178,'Categoria_47'),
(179,'Categoria_48'),
(180,'Categoria_49'),
(181,'Categoria_50'),
(182,'Categoria_51'),
(183,'Categoria_52'),
(184,'Categoria_53'),
(185,'Categoria_54'),
(186,'Categoria_55'),
(187,'Categoria_56'),
(188,'Categoria_57'),
(189,'Categoria_58'),
(190,'Categoria_59'),
(191,'Categoria_60'),
(192,'Categoria_61'),
(193,'Categoria_62'),
(194,'Categoria_63'),
(195,'Categoria_64'),
(196,'Categoria_65'),
(197,'Categoria_66'),
(198,'Categoria_67'),
(199,'Categoria_68'),
(200,'Categoria_69'),
(201,'Categoria_70'),
(202,'Categoria_71'),
(203,'Categoria_72'),
(204,'Categoria_73'),
(205,'Categoria_74'),
(206,'Categoria_75'),
(207,'Categoria_76'),
(208,'Categoria_77'),
(209,'Categoria_78'),
(210,'Categoria_79'),
(211,'Categoria_80'),
(212,'Categoria_81'),
(213,'Categoria_82'),
(214,'Categoria_83'),
(215,'Categoria_84'),
(216,'Categoria_85'),
(217,'Categoria_86'),
(218,'Categoria_87'),
(219,'Categoria_88'),
(220,'Categoria_89'),
(221,'Categoria_90'),
(222,'Categoria_91'),
(223,'Categoria_92'),
(224,'Categoria_93'),
(225,'Categoria_94'),
(226,'Categoria_95'),
(227,'Categoria_96'),
(228,'Categoria_97'),
(229,'Categoria_98'),
(230,'Categoria_99'),
(231,'Categoria_0'),
(232,'Categoria_1'),
(233,'Categoria_2'),
(234,'Categoria_3'),
(235,'Categoria_4'),
(236,'Categoria_5'),
(237,'Categoria_6'),
(238,'Categoria_7'),
(239,'Categoria_8'),
(240,'Categoria_9'),
(241,'Categoria_10'),
(242,'Categoria_11'),
(243,'Categoria_12'),
(244,'Categoria_13'),
(245,'Categoria_14'),
(246,'Categoria_15'),
(247,'Categoria_16'),
(248,'Categoria_17'),
(249,'Categoria_18'),
(250,'Categoria_19'),
(251,'Categoria_20'),
(252,'Categoria_21'),
(253,'Categoria_22'),
(254,'Categoria_23'),
(255,'Categoria_24'),
(256,'Categoria_25'),
(257,'Categoria_26'),
(258,'Categoria_27'),
(259,'Categoria_28'),
(260,'Categoria_29'),
(261,'Categoria_30'),
(262,'Categoria_31'),
(263,'Categoria_32'),
(264,'Categoria_33'),
(265,'Categoria_34'),
(266,'Categoria_35'),
(267,'Categoria_36'),
(268,'Categoria_37'),
(269,'Categoria_38'),
(270,'Categoria_39'),
(271,'Categoria_40'),
(272,'Categoria_41'),
(273,'Categoria_42'),
(274,'Categoria_43'),
(275,'Categoria_44'),
(276,'Categoria_45'),
(277,'Categoria_46'),
(278,'Categoria_47'),
(279,'Categoria_48'),
(280,'Categoria_49'),
(281,'Categoria_50'),
(282,'Categoria_51'),
(283,'Categoria_52'),
(284,'Categoria_53'),
(285,'Categoria_54'),
(286,'Categoria_55'),
(287,'Categoria_56'),
(288,'Categoria_57'),
(289,'Categoria_58'),
(290,'Categoria_59'),
(291,'Categoria_60'),
(292,'Categoria_61'),
(293,'Categoria_62'),
(294,'Categoria_63'),
(295,'Categoria_64'),
(296,'Categoria_65'),
(297,'Categoria_66'),
(298,'Categoria_67'),
(299,'Categoria_68'),
(300,'Categoria_69'),
(301,'Categoria_70'),
(302,'Categoria_71'),
(303,'Categoria_72'),
(304,'Categoria_73'),
(305,'Categoria_74'),
(306,'Categoria_75'),
(307,'Categoria_76'),
(308,'Categoria_77'),
(309,'Categoria_78'),
(310,'Categoria_79'),
(311,'Categoria_80'),
(312,'Categoria_81'),
(313,'Categoria_82'),
(314,'Categoria_83'),
(315,'Categoria_84'),
(316,'Categoria_85'),
(317,'Categoria_86'),
(318,'Categoria_87'),
(319,'Categoria_88'),
(320,'Categoria_89'),
(321,'Categoria_90'),
(322,'Categoria_91'),
(323,'Categoria_92'),
(324,'Categoria_93'),
(325,'Categoria_94'),
(326,'Categoria_95'),
(327,'Categoria_96'),
(328,'Categoria_97'),
(329,'Categoria_98'),
(330,'Categoria_99');

/*Table structure for table `cliente` */

DROP TABLE IF EXISTS `cliente`;

CREATE TABLE `cliente` (
  `ID_Cliente` int NOT NULL AUTO_INCREMENT,
  `Nome` varchar(100) DEFAULT NULL,
  `Email` varchar(100) DEFAULT NULL,
  PRIMARY KEY (`ID_Cliente`)
) ENGINE=InnoDB AUTO_INCREMENT=601 DEFAULT CHARSET=utf8mb4 COLLATE=utf8mb4_0900_ai_ci;

/*Data for the table `cliente` */

insert  into `cliente`(`ID_Cliente`,`Nome`,`Email`) values 
(1,'Cliente_0','cliente0@exemplo.com'),
(2,'Cliente_1','cliente1@exemplo.com'),
(3,'Cliente_2','cliente2@exemplo.com'),
(4,'Cliente_3','cliente3@exemplo.com'),
(5,'Cliente_4','cliente4@exemplo.com'),
(6,'Cliente_5','cliente5@exemplo.com'),
(7,'Cliente_6','cliente6@exemplo.com'),
(8,'Cliente_7','cliente7@exemplo.com'),
(9,'Cliente_8','cliente8@exemplo.com'),
(10,'Cliente_9','cliente9@exemplo.com'),
(11,'Cliente_10','cliente10@exemplo.com'),
(12,'Cliente_11','cliente11@exemplo.com'),
(13,'Cliente_12','cliente12@exemplo.com'),
(14,'Cliente_13','cliente13@exemplo.com'),
(15,'Cliente_14','cliente14@exemplo.com'),
(16,'Cliente_15','cliente15@exemplo.com'),
(17,'Cliente_16','cliente16@exemplo.com'),
(18,'Cliente_17','cliente17@exemplo.com'),
(19,'Cliente_18','cliente18@exemplo.com'),
(20,'Cliente_19','cliente19@exemplo.com'),
(21,'Cliente_20','cliente20@exemplo.com'),
(22,'Cliente_21','cliente21@exemplo.com'),
(23,'Cliente_22','cliente22@exemplo.com'),
(24,'Cliente_23','cliente23@exemplo.com'),
(25,'Cliente_24','cliente24@exemplo.com'),
(26,'Cliente_25','cliente25@exemplo.com'),
(27,'Cliente_26','cliente26@exemplo.com'),
(28,'Cliente_27','cliente27@exemplo.com'),
(29,'Cliente_28','cliente28@exemplo.com'),
(30,'Cliente_29','cliente29@exemplo.com'),
(31,'Cliente_30','cliente30@exemplo.com'),
(32,'Cliente_31','cliente31@exemplo.com'),
(33,'Cliente_32','cliente32@exemplo.com'),
(34,'Cliente_33','cliente33@exemplo.com'),
(35,'Cliente_34','cliente34@exemplo.com'),
(36,'Cliente_35','cliente35@exemplo.com'),
(37,'Cliente_36','cliente36@exemplo.com'),
(38,'Cliente_37','cliente37@exemplo.com'),
(39,'Cliente_38','cliente38@exemplo.com'),
(40,'Cliente_39','cliente39@exemplo.com'),
(41,'Cliente_40','cliente40@exemplo.com'),
(42,'Cliente_41','cliente41@exemplo.com'),
(43,'Cliente_42','cliente42@exemplo.com'),
(44,'Cliente_43','cliente43@exemplo.com'),
(45,'Cliente_44','cliente44@exemplo.com'),
(46,'Cliente_45','cliente45@exemplo.com'),
(47,'Cliente_46','cliente46@exemplo.com'),
(48,'Cliente_47','cliente47@exemplo.com'),
(49,'Cliente_48','cliente48@exemplo.com'),
(50,'Cliente_49','cliente49@exemplo.com'),
(51,'Cliente_50','cliente50@exemplo.com'),
(52,'Cliente_51','cliente51@exemplo.com'),
(53,'Cliente_52','cliente52@exemplo.com'),
(54,'Cliente_53','cliente53@exemplo.com'),
(55,'Cliente_54','cliente54@exemplo.com'),
(56,'Cliente_55','cliente55@exemplo.com'),
(57,'Cliente_56','cliente56@exemplo.com'),
(58,'Cliente_57','cliente57@exemplo.com'),
(59,'Cliente_58','cliente58@exemplo.com'),
(60,'Cliente_59','cliente59@exemplo.com'),
(61,'Cliente_60','cliente60@exemplo.com'),
(62,'Cliente_61','cliente61@exemplo.com'),
(63,'Cliente_62','cliente62@exemplo.com'),
(64,'Cliente_63','cliente63@exemplo.com'),
(65,'Cliente_64','cliente64@exemplo.com'),
(66,'Cliente_65','cliente65@exemplo.com'),
(67,'Cliente_66','cliente66@exemplo.com'),
(68,'Cliente_67','cliente67@exemplo.com'),
(69,'Cliente_68','cliente68@exemplo.com'),
(70,'Cliente_69','cliente69@exemplo.com'),
(71,'Cliente_70','cliente70@exemplo.com'),
(72,'Cliente_71','cliente71@exemplo.com'),
(73,'Cliente_72','cliente72@exemplo.com'),
(74,'Cliente_73','cliente73@exemplo.com'),
(75,'Cliente_74','cliente74@exemplo.com'),
(76,'Cliente_75','cliente75@exemplo.com'),
(77,'Cliente_76','cliente76@exemplo.com'),
(78,'Cliente_77','cliente77@exemplo.com'),
(79,'Cliente_78','cliente78@exemplo.com'),
(80,'Cliente_79','cliente79@exemplo.com'),
(81,'Cliente_80','cliente80@exemplo.com'),
(82,'Cliente_81','cliente81@exemplo.com'),
(83,'Cliente_82','cliente82@exemplo.com'),
(84,'Cliente_83','cliente83@exemplo.com'),
(85,'Cliente_84','cliente84@exemplo.com'),
(86,'Cliente_85','cliente85@exemplo.com'),
(87,'Cliente_86','cliente86@exemplo.com'),
(88,'Cliente_87','cliente87@exemplo.com'),
(89,'Cliente_88','cliente88@exemplo.com'),
(90,'Cliente_89','cliente89@exemplo.com'),
(91,'Cliente_90','cliente90@exemplo.com'),
(92,'Cliente_91','cliente91@exemplo.com'),
(93,'Cliente_92','cliente92@exemplo.com'),
(94,'Cliente_93','cliente93@exemplo.com'),
(95,'Cliente_94','cliente94@exemplo.com'),
(96,'Cliente_95','cliente95@exemplo.com'),
(97,'Cliente_96','cliente96@exemplo.com'),
(98,'Cliente_97','cliente97@exemplo.com'),
(99,'Cliente_98','cliente98@exemplo.com'),
(100,'Cliente_99','cliente99@exemplo.com'),
(101,'Cliente_0','cliente0@exemplo.com'),
(102,'Cliente_1','cliente1@exemplo.com'),
(103,'Cliente_2','cliente2@exemplo.com'),
(104,'Cliente_3','cliente3@exemplo.com'),
(105,'Cliente_4','cliente4@exemplo.com'),
(106,'Cliente_5','cliente5@exemplo.com'),
(107,'Cliente_6','cliente6@exemplo.com'),
(108,'Cliente_7','cliente7@exemplo.com'),
(109,'Cliente_8','cliente8@exemplo.com'),
(110,'Cliente_9','cliente9@exemplo.com'),
(111,'Cliente_10','cliente10@exemplo.com'),
(112,'Cliente_11','cliente11@exemplo.com'),
(113,'Cliente_12','cliente12@exemplo.com'),
(114,'Cliente_13','cliente13@exemplo.com'),
(115,'Cliente_14','cliente14@exemplo.com'),
(116,'Cliente_15','cliente15@exemplo.com'),
(117,'Cliente_16','cliente16@exemplo.com'),
(118,'Cliente_17','cliente17@exemplo.com'),
(119,'Cliente_18','cliente18@exemplo.com'),
(120,'Cliente_19','cliente19@exemplo.com'),
(121,'Cliente_20','cliente20@exemplo.com'),
(122,'Cliente_21','cliente21@exemplo.com'),
(123,'Cliente_22','cliente22@exemplo.com'),
(124,'Cliente_23','cliente23@exemplo.com'),
(125,'Cliente_24','cliente24@exemplo.com'),
(126,'Cliente_25','cliente25@exemplo.com'),
(127,'Cliente_26','cliente26@exemplo.com'),
(128,'Cliente_27','cliente27@exemplo.com'),
(129,'Cliente_28','cliente28@exemplo.com'),
(130,'Cliente_29','cliente29@exemplo.com'),
(131,'Cliente_30','cliente30@exemplo.com'),
(132,'Cliente_31','cliente31@exemplo.com'),
(133,'Cliente_32','cliente32@exemplo.com'),
(134,'Cliente_33','cliente33@exemplo.com'),
(135,'Cliente_34','cliente34@exemplo.com'),
(136,'Cliente_35','cliente35@exemplo.com'),
(137,'Cliente_36','cliente36@exemplo.com'),
(138,'Cliente_37','cliente37@exemplo.com'),
(139,'Cliente_38','cliente38@exemplo.com'),
(140,'Cliente_39','cliente39@exemplo.com'),
(141,'Cliente_40','cliente40@exemplo.com'),
(142,'Cliente_41','cliente41@exemplo.com'),
(143,'Cliente_42','cliente42@exemplo.com'),
(144,'Cliente_43','cliente43@exemplo.com'),
(145,'Cliente_44','cliente44@exemplo.com'),
(146,'Cliente_45','cliente45@exemplo.com'),
(147,'Cliente_46','cliente46@exemplo.com'),
(148,'Cliente_47','cliente47@exemplo.com'),
(149,'Cliente_48','cliente48@exemplo.com'),
(150,'Cliente_49','cliente49@exemplo.com'),
(151,'Cliente_50','cliente50@exemplo.com'),
(152,'Cliente_51','cliente51@exemplo.com'),
(153,'Cliente_52','cliente52@exemplo.com'),
(154,'Cliente_53','cliente53@exemplo.com'),
(155,'Cliente_54','cliente54@exemplo.com'),
(156,'Cliente_55','cliente55@exemplo.com'),
(157,'Cliente_56','cliente56@exemplo.com'),
(158,'Cliente_57','cliente57@exemplo.com'),
(159,'Cliente_58','cliente58@exemplo.com'),
(160,'Cliente_59','cliente59@exemplo.com'),
(161,'Cliente_60','cliente60@exemplo.com'),
(162,'Cliente_61','cliente61@exemplo.com'),
(163,'Cliente_62','cliente62@exemplo.com'),
(164,'Cliente_63','cliente63@exemplo.com'),
(165,'Cliente_64','cliente64@exemplo.com'),
(166,'Cliente_65','cliente65@exemplo.com'),
(167,'Cliente_66','cliente66@exemplo.com'),
(168,'Cliente_67','cliente67@exemplo.com'),
(169,'Cliente_68','cliente68@exemplo.com'),
(170,'Cliente_69','cliente69@exemplo.com'),
(171,'Cliente_70','cliente70@exemplo.com'),
(172,'Cliente_71','cliente71@exemplo.com'),
(173,'Cliente_72','cliente72@exemplo.com'),
(174,'Cliente_73','cliente73@exemplo.com'),
(175,'Cliente_74','cliente74@exemplo.com'),
(176,'Cliente_75','cliente75@exemplo.com'),
(177,'Cliente_76','cliente76@exemplo.com'),
(178,'Cliente_77','cliente77@exemplo.com'),
(179,'Cliente_78','cliente78@exemplo.com'),
(180,'Cliente_79','cliente79@exemplo.com'),
(181,'Cliente_80','cliente80@exemplo.com'),
(182,'Cliente_81','cliente81@exemplo.com'),
(183,'Cliente_82','cliente82@exemplo.com'),
(184,'Cliente_83','cliente83@exemplo.com'),
(185,'Cliente_84','cliente84@exemplo.com'),
(186,'Cliente_85','cliente85@exemplo.com'),
(187,'Cliente_86','cliente86@exemplo.com'),
(188,'Cliente_87','cliente87@exemplo.com'),
(189,'Cliente_88','cliente88@exemplo.com'),
(190,'Cliente_89','cliente89@exemplo.com'),
(191,'Cliente_90','cliente90@exemplo.com'),
(192,'Cliente_91','cliente91@exemplo.com'),
(193,'Cliente_92','cliente92@exemplo.com'),
(194,'Cliente_93','cliente93@exemplo.com'),
(195,'Cliente_94','cliente94@exemplo.com'),
(196,'Cliente_95','cliente95@exemplo.com'),
(197,'Cliente_96','cliente96@exemplo.com'),
(198,'Cliente_97','cliente97@exemplo.com'),
(199,'Cliente_98','cliente98@exemplo.com'),
(200,'Cliente_99','cliente99@exemplo.com'),
(201,'Cliente_0','cliente0@exemplo.com'),
(202,'Cliente_1','cliente1@exemplo.com'),
(203,'Cliente_2','cliente2@exemplo.com'),
(204,'Cliente_3','cliente3@exemplo.com'),
(205,'Cliente_4','cliente4@exemplo.com'),
(206,'Cliente_5','cliente5@exemplo.com'),
(207,'Cliente_6','cliente6@exemplo.com'),
(208,'Cliente_7','cliente7@exemplo.com'),
(209,'Cliente_8','cliente8@exemplo.com'),
(210,'Cliente_9','cliente9@exemplo.com'),
(211,'Cliente_10','cliente10@exemplo.com'),
(212,'Cliente_11','cliente11@exemplo.com'),
(213,'Cliente_12','cliente12@exemplo.com'),
(214,'Cliente_13','cliente13@exemplo.com'),
(215,'Cliente_14','cliente14@exemplo.com'),
(216,'Cliente_15','cliente15@exemplo.com'),
(217,'Cliente_16','cliente16@exemplo.com'),
(218,'Cliente_17','cliente17@exemplo.com'),
(219,'Cliente_18','cliente18@exemplo.com'),
(220,'Cliente_19','cliente19@exemplo.com'),
(221,'Cliente_20','cliente20@exemplo.com'),
(222,'Cliente_21','cliente21@exemplo.com'),
(223,'Cliente_22','cliente22@exemplo.com'),
(224,'Cliente_23','cliente23@exemplo.com'),
(225,'Cliente_24','cliente24@exemplo.com'),
(226,'Cliente_25','cliente25@exemplo.com'),
(227,'Cliente_26','cliente26@exemplo.com'),
(228,'Cliente_27','cliente27@exemplo.com'),
(229,'Cliente_28','cliente28@exemplo.com'),
(230,'Cliente_29','cliente29@exemplo.com'),
(231,'Cliente_30','cliente30@exemplo.com'),
(232,'Cliente_31','cliente31@exemplo.com'),
(233,'Cliente_32','cliente32@exemplo.com'),
(234,'Cliente_33','cliente33@exemplo.com'),
(235,'Cliente_34','cliente34@exemplo.com'),
(236,'Cliente_35','cliente35@exemplo.com'),
(237,'Cliente_36','cliente36@exemplo.com'),
(238,'Cliente_37','cliente37@exemplo.com'),
(239,'Cliente_38','cliente38@exemplo.com'),
(240,'Cliente_39','cliente39@exemplo.com'),
(241,'Cliente_40','cliente40@exemplo.com'),
(242,'Cliente_41','cliente41@exemplo.com'),
(243,'Cliente_42','cliente42@exemplo.com'),
(244,'Cliente_43','cliente43@exemplo.com'),
(245,'Cliente_44','cliente44@exemplo.com'),
(246,'Cliente_45','cliente45@exemplo.com'),
(247,'Cliente_46','cliente46@exemplo.com'),
(248,'Cliente_47','cliente47@exemplo.com'),
(249,'Cliente_48','cliente48@exemplo.com'),
(250,'Cliente_49','cliente49@exemplo.com'),
(251,'Cliente_50','cliente50@exemplo.com'),
(252,'Cliente_51','cliente51@exemplo.com'),
(253,'Cliente_52','cliente52@exemplo.com'),
(254,'Cliente_53','cliente53@exemplo.com'),
(255,'Cliente_54','cliente54@exemplo.com'),
(256,'Cliente_55','cliente55@exemplo.com'),
(257,'Cliente_56','cliente56@exemplo.com'),
(258,'Cliente_57','cliente57@exemplo.com'),
(259,'Cliente_58','cliente58@exemplo.com'),
(260,'Cliente_59','cliente59@exemplo.com'),
(261,'Cliente_60','cliente60@exemplo.com'),
(262,'Cliente_61','cliente61@exemplo.com'),
(263,'Cliente_62','cliente62@exemplo.com'),
(264,'Cliente_63','cliente63@exemplo.com'),
(265,'Cliente_64','cliente64@exemplo.com'),
(266,'Cliente_65','cliente65@exemplo.com'),
(267,'Cliente_66','cliente66@exemplo.com'),
(268,'Cliente_67','cliente67@exemplo.com'),
(269,'Cliente_68','cliente68@exemplo.com'),
(270,'Cliente_69','cliente69@exemplo.com'),
(271,'Cliente_70','cliente70@exemplo.com'),
(272,'Cliente_71','cliente71@exemplo.com'),
(273,'Cliente_72','cliente72@exemplo.com'),
(274,'Cliente_73','cliente73@exemplo.com'),
(275,'Cliente_74','cliente74@exemplo.com'),
(276,'Cliente_75','cliente75@exemplo.com'),
(277,'Cliente_76','cliente76@exemplo.com'),
(278,'Cliente_77','cliente77@exemplo.com'),
(279,'Cliente_78','cliente78@exemplo.com'),
(280,'Cliente_79','cliente79@exemplo.com'),
(281,'Cliente_80','cliente80@exemplo.com'),
(282,'Cliente_81','cliente81@exemplo.com'),
(283,'Cliente_82','cliente82@exemplo.com'),
(284,'Cliente_83','cliente83@exemplo.com'),
(285,'Cliente_84','cliente84@exemplo.com'),
(286,'Cliente_85','cliente85@exemplo.com'),
(287,'Cliente_86','cliente86@exemplo.com'),
(288,'Cliente_87','cliente87@exemplo.com'),
(289,'Cliente_88','cliente88@exemplo.com'),
(290,'Cliente_89','cliente89@exemplo.com'),
(291,'Cliente_90','cliente90@exemplo.com'),
(292,'Cliente_91','cliente91@exemplo.com'),
(293,'Cliente_92','cliente92@exemplo.com'),
(294,'Cliente_93','cliente93@exemplo.com'),
(295,'Cliente_94','cliente94@exemplo.com'),
(296,'Cliente_95','cliente95@exemplo.com'),
(297,'Cliente_96','cliente96@exemplo.com'),
(298,'Cliente_97','cliente97@exemplo.com'),
(299,'Cliente_98','cliente98@exemplo.com'),
(300,'Cliente_99','cliente99@exemplo.com'),
(301,'Cliente_0','cliente0@exemplo.com'),
(302,'Cliente_1','cliente1@exemplo.com'),
(303,'Cliente_2','cliente2@exemplo.com'),
(304,'Cliente_3','cliente3@exemplo.com'),
(305,'Cliente_4','cliente4@exemplo.com'),
(306,'Cliente_5','cliente5@exemplo.com'),
(307,'Cliente_6','cliente6@exemplo.com'),
(308,'Cliente_7','cliente7@exemplo.com'),
(309,'Cliente_8','cliente8@exemplo.com'),
(310,'Cliente_9','cliente9@exemplo.com'),
(311,'Cliente_10','cliente10@exemplo.com'),
(312,'Cliente_11','cliente11@exemplo.com'),
(313,'Cliente_12','cliente12@exemplo.com'),
(314,'Cliente_13','cliente13@exemplo.com'),
(315,'Cliente_14','cliente14@exemplo.com'),
(316,'Cliente_15','cliente15@exemplo.com'),
(317,'Cliente_16','cliente16@exemplo.com'),
(318,'Cliente_17','cliente17@exemplo.com'),
(319,'Cliente_18','cliente18@exemplo.com'),
(320,'Cliente_19','cliente19@exemplo.com'),
(321,'Cliente_20','cliente20@exemplo.com'),
(322,'Cliente_21','cliente21@exemplo.com'),
(323,'Cliente_22','cliente22@exemplo.com'),
(324,'Cliente_23','cliente23@exemplo.com'),
(325,'Cliente_24','cliente24@exemplo.com'),
(326,'Cliente_25','cliente25@exemplo.com'),
(327,'Cliente_26','cliente26@exemplo.com'),
(328,'Cliente_27','cliente27@exemplo.com'),
(329,'Cliente_28','cliente28@exemplo.com'),
(330,'Cliente_29','cliente29@exemplo.com'),
(331,'Cliente_30','cliente30@exemplo.com'),
(332,'Cliente_31','cliente31@exemplo.com'),
(333,'Cliente_32','cliente32@exemplo.com'),
(334,'Cliente_33','cliente33@exemplo.com'),
(335,'Cliente_34','cliente34@exemplo.com'),
(336,'Cliente_35','cliente35@exemplo.com'),
(337,'Cliente_36','cliente36@exemplo.com'),
(338,'Cliente_37','cliente37@exemplo.com'),
(339,'Cliente_38','cliente38@exemplo.com'),
(340,'Cliente_39','cliente39@exemplo.com'),
(341,'Cliente_40','cliente40@exemplo.com'),
(342,'Cliente_41','cliente41@exemplo.com'),
(343,'Cliente_42','cliente42@exemplo.com'),
(344,'Cliente_43','cliente43@exemplo.com'),
(345,'Cliente_44','cliente44@exemplo.com'),
(346,'Cliente_45','cliente45@exemplo.com'),
(347,'Cliente_46','cliente46@exemplo.com'),
(348,'Cliente_47','cliente47@exemplo.com'),
(349,'Cliente_48','cliente48@exemplo.com'),
(350,'Cliente_49','cliente49@exemplo.com'),
(351,'Cliente_50','cliente50@exemplo.com'),
(352,'Cliente_51','cliente51@exemplo.com'),
(353,'Cliente_52','cliente52@exemplo.com'),
(354,'Cliente_53','cliente53@exemplo.com'),
(355,'Cliente_54','cliente54@exemplo.com'),
(356,'Cliente_55','cliente55@exemplo.com'),
(357,'Cliente_56','cliente56@exemplo.com'),
(358,'Cliente_57','cliente57@exemplo.com'),
(359,'Cliente_58','cliente58@exemplo.com'),
(360,'Cliente_59','cliente59@exemplo.com'),
(361,'Cliente_60','cliente60@exemplo.com'),
(362,'Cliente_61','cliente61@exemplo.com'),
(363,'Cliente_62','cliente62@exemplo.com'),
(364,'Cliente_63','cliente63@exemplo.com'),
(365,'Cliente_64','cliente64@exemplo.com'),
(366,'Cliente_65','cliente65@exemplo.com'),
(367,'Cliente_66','cliente66@exemplo.com'),
(368,'Cliente_67','cliente67@exemplo.com'),
(369,'Cliente_68','cliente68@exemplo.com'),
(370,'Cliente_69','cliente69@exemplo.com'),
(371,'Cliente_70','cliente70@exemplo.com'),
(372,'Cliente_71','cliente71@exemplo.com'),
(373,'Cliente_72','cliente72@exemplo.com'),
(374,'Cliente_73','cliente73@exemplo.com'),
(375,'Cliente_74','cliente74@exemplo.com'),
(376,'Cliente_75','cliente75@exemplo.com'),
(377,'Cliente_76','cliente76@exemplo.com'),
(378,'Cliente_77','cliente77@exemplo.com'),
(379,'Cliente_78','cliente78@exemplo.com'),
(380,'Cliente_79','cliente79@exemplo.com'),
(381,'Cliente_80','cliente80@exemplo.com'),
(382,'Cliente_81','cliente81@exemplo.com'),
(383,'Cliente_82','cliente82@exemplo.com'),
(384,'Cliente_83','cliente83@exemplo.com'),
(385,'Cliente_84','cliente84@exemplo.com'),
(386,'Cliente_85','cliente85@exemplo.com'),
(387,'Cliente_86','cliente86@exemplo.com'),
(388,'Cliente_87','cliente87@exemplo.com'),
(389,'Cliente_88','cliente88@exemplo.com'),
(390,'Cliente_89','cliente89@exemplo.com'),
(391,'Cliente_90','cliente90@exemplo.com'),
(392,'Cliente_91','cliente91@exemplo.com'),
(393,'Cliente_92','cliente92@exemplo.com'),
(394,'Cliente_93','cliente93@exemplo.com'),
(395,'Cliente_94','cliente94@exemplo.com'),
(396,'Cliente_95','cliente95@exemplo.com'),
(397,'Cliente_96','cliente96@exemplo.com'),
(398,'Cliente_97','cliente97@exemplo.com'),
(399,'Cliente_98','cliente98@exemplo.com'),
(400,'Cliente_99','cliente99@exemplo.com'),
(401,'Cliente_0','cliente0@exemplo.com'),
(402,'Cliente_1','cliente1@exemplo.com'),
(403,'Cliente_2','cliente2@exemplo.com'),
(404,'Cliente_3','cliente3@exemplo.com'),
(405,'Cliente_4','cliente4@exemplo.com'),
(406,'Cliente_5','cliente5@exemplo.com'),
(407,'Cliente_6','cliente6@exemplo.com'),
(408,'Cliente_7','cliente7@exemplo.com'),
(409,'Cliente_8','cliente8@exemplo.com'),
(410,'Cliente_9','cliente9@exemplo.com'),
(411,'Cliente_10','cliente10@exemplo.com'),
(412,'Cliente_11','cliente11@exemplo.com'),
(413,'Cliente_12','cliente12@exemplo.com'),
(414,'Cliente_13','cliente13@exemplo.com'),
(415,'Cliente_14','cliente14@exemplo.com'),
(416,'Cliente_15','cliente15@exemplo.com'),
(417,'Cliente_16','cliente16@exemplo.com'),
(418,'Cliente_17','cliente17@exemplo.com'),
(419,'Cliente_18','cliente18@exemplo.com'),
(420,'Cliente_19','cliente19@exemplo.com'),
(421,'Cliente_20','cliente20@exemplo.com'),
(422,'Cliente_21','cliente21@exemplo.com'),
(423,'Cliente_22','cliente22@exemplo.com'),
(424,'Cliente_23','cliente23@exemplo.com'),
(425,'Cliente_24','cliente24@exemplo.com'),
(426,'Cliente_25','cliente25@exemplo.com'),
(427,'Cliente_26','cliente26@exemplo.com'),
(428,'Cliente_27','cliente27@exemplo.com'),
(429,'Cliente_28','cliente28@exemplo.com'),
(430,'Cliente_29','cliente29@exemplo.com'),
(431,'Cliente_30','cliente30@exemplo.com'),
(432,'Cliente_31','cliente31@exemplo.com'),
(433,'Cliente_32','cliente32@exemplo.com'),
(434,'Cliente_33','cliente33@exemplo.com'),
(435,'Cliente_34','cliente34@exemplo.com'),
(436,'Cliente_35','cliente35@exemplo.com'),
(437,'Cliente_36','cliente36@exemplo.com'),
(438,'Cliente_37','cliente37@exemplo.com'),
(439,'Cliente_38','cliente38@exemplo.com'),
(440,'Cliente_39','cliente39@exemplo.com'),
(441,'Cliente_40','cliente40@exemplo.com'),
(442,'Cliente_41','cliente41@exemplo.com'),
(443,'Cliente_42','cliente42@exemplo.com'),
(444,'Cliente_43','cliente43@exemplo.com'),
(445,'Cliente_44','cliente44@exemplo.com'),
(446,'Cliente_45','cliente45@exemplo.com'),
(447,'Cliente_46','cliente46@exemplo.com'),
(448,'Cliente_47','cliente47@exemplo.com'),
(449,'Cliente_48','cliente48@exemplo.com'),
(450,'Cliente_49','cliente49@exemplo.com'),
(451,'Cliente_50','cliente50@exemplo.com'),
(452,'Cliente_51','cliente51@exemplo.com'),
(453,'Cliente_52','cliente52@exemplo.com'),
(454,'Cliente_53','cliente53@exemplo.com'),
(455,'Cliente_54','cliente54@exemplo.com'),
(456,'Cliente_55','cliente55@exemplo.com'),
(457,'Cliente_56','cliente56@exemplo.com'),
(458,'Cliente_57','cliente57@exemplo.com'),
(459,'Cliente_58','cliente58@exemplo.com'),
(460,'Cliente_59','cliente59@exemplo.com'),
(461,'Cliente_60','cliente60@exemplo.com'),
(462,'Cliente_61','cliente61@exemplo.com'),
(463,'Cliente_62','cliente62@exemplo.com'),
(464,'Cliente_63','cliente63@exemplo.com'),
(465,'Cliente_64','cliente64@exemplo.com'),
(466,'Cliente_65','cliente65@exemplo.com'),
(467,'Cliente_66','cliente66@exemplo.com'),
(468,'Cliente_67','cliente67@exemplo.com'),
(469,'Cliente_68','cliente68@exemplo.com'),
(470,'Cliente_69','cliente69@exemplo.com'),
(471,'Cliente_70','cliente70@exemplo.com'),
(472,'Cliente_71','cliente71@exemplo.com'),
(473,'Cliente_72','cliente72@exemplo.com'),
(474,'Cliente_73','cliente73@exemplo.com'),
(475,'Cliente_74','cliente74@exemplo.com'),
(476,'Cliente_75','cliente75@exemplo.com'),
(477,'Cliente_76','cliente76@exemplo.com'),
(478,'Cliente_77','cliente77@exemplo.com'),
(479,'Cliente_78','cliente78@exemplo.com'),
(480,'Cliente_79','cliente79@exemplo.com'),
(481,'Cliente_80','cliente80@exemplo.com'),
(482,'Cliente_81','cliente81@exemplo.com'),
(483,'Cliente_82','cliente82@exemplo.com'),
(484,'Cliente_83','cliente83@exemplo.com'),
(485,'Cliente_84','cliente84@exemplo.com'),
(486,'Cliente_85','cliente85@exemplo.com'),
(487,'Cliente_86','cliente86@exemplo.com'),
(488,'Cliente_87','cliente87@exemplo.com'),
(489,'Cliente_88','cliente88@exemplo.com'),
(490,'Cliente_89','cliente89@exemplo.com'),
(491,'Cliente_90','cliente90@exemplo.com'),
(492,'Cliente_91','cliente91@exemplo.com'),
(493,'Cliente_92','cliente92@exemplo.com'),
(494,'Cliente_93','cliente93@exemplo.com'),
(495,'Cliente_94','cliente94@exemplo.com'),
(496,'Cliente_95','cliente95@exemplo.com'),
(497,'Cliente_96','cliente96@exemplo.com'),
(498,'Cliente_97','cliente97@exemplo.com'),
(499,'Cliente_98','cliente98@exemplo.com'),
(500,'Cliente_99','cliente99@exemplo.com'),
(501,'Cliente_0','cliente0@exemplo.com'),
(502,'Cliente_1','cliente1@exemplo.com'),
(503,'Cliente_2','cliente2@exemplo.com'),
(504,'Cliente_3','cliente3@exemplo.com'),
(505,'Cliente_4','cliente4@exemplo.com'),
(506,'Cliente_5','cliente5@exemplo.com'),
(507,'Cliente_6','cliente6@exemplo.com'),
(508,'Cliente_7','cliente7@exemplo.com'),
(509,'Cliente_8','cliente8@exemplo.com'),
(510,'Cliente_9','cliente9@exemplo.com'),
(511,'Cliente_10','cliente10@exemplo.com'),
(512,'Cliente_11','cliente11@exemplo.com'),
(513,'Cliente_12','cliente12@exemplo.com'),
(514,'Cliente_13','cliente13@exemplo.com'),
(515,'Cliente_14','cliente14@exemplo.com'),
(516,'Cliente_15','cliente15@exemplo.com'),
(517,'Cliente_16','cliente16@exemplo.com'),
(518,'Cliente_17','cliente17@exemplo.com'),
(519,'Cliente_18','cliente18@exemplo.com'),
(520,'Cliente_19','cliente19@exemplo.com'),
(521,'Cliente_20','cliente20@exemplo.com'),
(522,'Cliente_21','cliente21@exemplo.com'),
(523,'Cliente_22','cliente22@exemplo.com'),
(524,'Cliente_23','cliente23@exemplo.com'),
(525,'Cliente_24','cliente24@exemplo.com'),
(526,'Cliente_25','cliente25@exemplo.com'),
(527,'Cliente_26','cliente26@exemplo.com'),
(528,'Cliente_27','cliente27@exemplo.com'),
(529,'Cliente_28','cliente28@exemplo.com'),
(530,'Cliente_29','cliente29@exemplo.com'),
(531,'Cliente_30','cliente30@exemplo.com'),
(532,'Cliente_31','cliente31@exemplo.com'),
(533,'Cliente_32','cliente32@exemplo.com'),
(534,'Cliente_33','cliente33@exemplo.com'),
(535,'Cliente_34','cliente34@exemplo.com'),
(536,'Cliente_35','cliente35@exemplo.com'),
(537,'Cliente_36','cliente36@exemplo.com'),
(538,'Cliente_37','cliente37@exemplo.com'),
(539,'Cliente_38','cliente38@exemplo.com'),
(540,'Cliente_39','cliente39@exemplo.com'),
(541,'Cliente_40','cliente40@exemplo.com'),
(542,'Cliente_41','cliente41@exemplo.com'),
(543,'Cliente_42','cliente42@exemplo.com'),
(544,'Cliente_43','cliente43@exemplo.com'),
(545,'Cliente_44','cliente44@exemplo.com'),
(546,'Cliente_45','cliente45@exemplo.com'),
(547,'Cliente_46','cliente46@exemplo.com'),
(548,'Cliente_47','cliente47@exemplo.com'),
(549,'Cliente_48','cliente48@exemplo.com'),
(550,'Cliente_49','cliente49@exemplo.com'),
(551,'Cliente_50','cliente50@exemplo.com'),
(552,'Cliente_51','cliente51@exemplo.com'),
(553,'Cliente_52','cliente52@exemplo.com'),
(554,'Cliente_53','cliente53@exemplo.com'),
(555,'Cliente_54','cliente54@exemplo.com'),
(556,'Cliente_55','cliente55@exemplo.com'),
(557,'Cliente_56','cliente56@exemplo.com'),
(558,'Cliente_57','cliente57@exemplo.com'),
(559,'Cliente_58','cliente58@exemplo.com'),
(560,'Cliente_59','cliente59@exemplo.com'),
(561,'Cliente_60','cliente60@exemplo.com'),
(562,'Cliente_61','cliente61@exemplo.com'),
(563,'Cliente_62','cliente62@exemplo.com'),
(564,'Cliente_63','cliente63@exemplo.com'),
(565,'Cliente_64','cliente64@exemplo.com'),
(566,'Cliente_65','cliente65@exemplo.com'),
(567,'Cliente_66','cliente66@exemplo.com'),
(568,'Cliente_67','cliente67@exemplo.com'),
(569,'Cliente_68','cliente68@exemplo.com'),
(570,'Cliente_69','cliente69@exemplo.com'),
(571,'Cliente_70','cliente70@exemplo.com'),
(572,'Cliente_71','cliente71@exemplo.com'),
(573,'Cliente_72','cliente72@exemplo.com'),
(574,'Cliente_73','cliente73@exemplo.com'),
(575,'Cliente_74','cliente74@exemplo.com'),
(576,'Cliente_75','cliente75@exemplo.com'),
(577,'Cliente_76','cliente76@exemplo.com'),
(578,'Cliente_77','cliente77@exemplo.com'),
(579,'Cliente_78','cliente78@exemplo.com'),
(580,'Cliente_79','cliente79@exemplo.com'),
(581,'Cliente_80','cliente80@exemplo.com'),
(582,'Cliente_81','cliente81@exemplo.com'),
(583,'Cliente_82','cliente82@exemplo.com'),
(584,'Cliente_83','cliente83@exemplo.com'),
(585,'Cliente_84','cliente84@exemplo.com'),
(586,'Cliente_85','cliente85@exemplo.com'),
(587,'Cliente_86','cliente86@exemplo.com'),
(588,'Cliente_87','cliente87@exemplo.com'),
(589,'Cliente_88','cliente88@exemplo.com'),
(590,'Cliente_89','cliente89@exemplo.com'),
(591,'Cliente_90','cliente90@exemplo.com'),
(592,'Cliente_91','cliente91@exemplo.com'),
(593,'Cliente_92','cliente92@exemplo.com'),
(594,'Cliente_93','cliente93@exemplo.com'),
(595,'Cliente_94','cliente94@exemplo.com'),
(596,'Cliente_95','cliente95@exemplo.com'),
(597,'Cliente_96','cliente96@exemplo.com'),
(598,'Cliente_97','cliente97@exemplo.com'),
(599,'Cliente_98','cliente98@exemplo.com'),
(600,'Cliente_99','cliente99@exemplo.com');

/*Table structure for table `detalhespedido` */

DROP TABLE IF EXISTS `detalhespedido`;

CREATE TABLE `detalhespedido` (
  `ID_Pedido` int NOT NULL,
  `ID_Produto` int NOT NULL,
  `Quantidade` int DEFAULT NULL,
  `PrecoUnitario` decimal(10,2) DEFAULT NULL,
  PRIMARY KEY (`ID_Pedido`,`ID_Produto`),
  KEY `ID_Produto` (`ID_Produto`),
  CONSTRAINT `detalhespedido_ibfk_1` FOREIGN KEY (`ID_Pedido`) REFERENCES `pedido` (`ID_Pedido`),
  CONSTRAINT `detalhespedido_ibfk_2` FOREIGN KEY (`ID_Produto`) REFERENCES `produto` (`ID_Produto`)
) ENGINE=InnoDB DEFAULT CHARSET=utf8mb4 COLLATE=utf8mb4_0900_ai_ci;

/*Data for the table `detalhespedido` */

insert  into `detalhespedido`(`ID_Pedido`,`ID_Produto`,`Quantidade`,`PrecoUnitario`) values 
(1,57,9,43.40),
(3,30,5,43.40),
(4,73,6,43.40),
(8,5,1,43.40),
(13,5,9,43.40),
(14,22,7,43.40),
(14,68,10,43.40),
(14,92,2,43.40),
(16,18,5,43.40),
(16,55,3,43.40),
(17,82,6,43.40),
(17,89,10,43.40),
(19,68,9,43.40),
(20,96,2,43.40),
(23,94,1,43.40),
(25,63,5,43.40),
(28,30,7,43.40),
(29,27,5,43.40),
(31,65,4,43.40),
(35,8,4,43.40),
(41,49,2,43.40),
(43,15,5,43.40),
(44,84,9,43.40),
(45,24,9,43.40),
(45,40,7,43.40),
(45,75,5,43.40),
(45,76,5,43.40),
(47,80,6,43.40),
(48,9,1,43.40),
(48,68,10,43.40),
(50,84,7,43.40),
(53,92,10,43.40),
(54,87,8,43.40),
(56,23,5,43.40),
(63,38,10,43.40),
(63,85,4,43.40),
(68,40,10,43.40),
(68,48,4,43.40),
(68,58,9,43.40),
(69,52,5,43.40),
(70,55,7,43.40),
(72,30,4,43.40),
(72,83,10,43.40),
(73,58,7,43.40),
(73,79,8,43.40),
(75,93,5,43.40),
(77,64,9,43.40),
(77,80,7,43.40),
(78,49,2,43.40),
(78,76,5,43.40),
(80,96,4,43.40),
(81,93,3,43.40),
(85,83,7,43.40),
(86,30,10,43.40),
(90,20,3,43.40),
(90,84,5,43.40),
(91,58,2,43.40),
(94,22,3,43.40),
(96,78,1,43.40),
(97,74,8,43.40),
(98,73,7,43.40),
(98,79,1,43.40),
(100,5,3,43.40);

/*Table structure for table `endereco` */

DROP TABLE IF EXISTS `endereco`;

CREATE TABLE `endereco` (
  `ID_Endereco` int NOT NULL AUTO_INCREMENT,
  `Rua` varchar(100) DEFAULT NULL,
  `Cidade` varchar(100) DEFAULT NULL,
  `ID_Cliente` int DEFAULT NULL,
  PRIMARY KEY (`ID_Endereco`),
  UNIQUE KEY `ID_Cliente` (`ID_Cliente`),
  CONSTRAINT `endereco_ibfk_1` FOREIGN KEY (`ID_Cliente`) REFERENCES `cliente` (`ID_Cliente`)
) ENGINE=InnoDB AUTO_INCREMENT=106 DEFAULT CHARSET=utf8mb4 COLLATE=utf8mb4_0900_ai_ci;

/*Data for the table `endereco` */

insert  into `endereco`(`ID_Endereco`,`Rua`,`Cidade`,`ID_Cliente`) values 
(1,'Rua_0','Cidade_0',1),
(2,'Rua_1','Cidade_1',2),
(3,'Rua_2','Cidade_2',3),
(4,'Rua_3','Cidade_3',4),
(5,'Rua_4','Cidade_4',5),
(6,'Rua_5','Cidade_5',6),
(7,'Rua_6','Cidade_6',7),
(8,'Rua_7','Cidade_7',8),
(9,'Rua_8','Cidade_8',9),
(10,'Rua_9','Cidade_9',10),
(11,'Rua_10','Cidade_10',11),
(12,'Rua_11','Cidade_11',12),
(13,'Rua_12','Cidade_12',13),
(14,'Rua_13','Cidade_13',14),
(15,'Rua_14','Cidade_14',15),
(16,'Rua_15','Cidade_15',16),
(17,'Rua_16','Cidade_16',17),
(18,'Rua_17','Cidade_17',18),
(19,'Rua_18','Cidade_18',19),
(20,'Rua_19','Cidade_19',20),
(21,'Rua_20','Cidade_20',21),
(22,'Rua_21','Cidade_21',22),
(23,'Rua_22','Cidade_22',23),
(24,'Rua_23','Cidade_23',24),
(25,'Rua_24','Cidade_24',25),
(26,'Rua_25','Cidade_25',26),
(27,'Rua_26','Cidade_26',27),
(28,'Rua_27','Cidade_27',28),
(29,'Rua_28','Cidade_28',29),
(30,'Rua_29','Cidade_29',30),
(31,'Rua_30','Cidade_30',31),
(32,'Rua_31','Cidade_31',32),
(33,'Rua_32','Cidade_32',33),
(34,'Rua_33','Cidade_33',34),
(35,'Rua_34','Cidade_34',35),
(36,'Rua_35','Cidade_35',36),
(37,'Rua_36','Cidade_36',37),
(38,'Rua_37','Cidade_37',38),
(39,'Rua_38','Cidade_38',39),
(40,'Rua_39','Cidade_39',40),
(41,'Rua_40','Cidade_40',41),
(42,'Rua_41','Cidade_41',42),
(43,'Rua_42','Cidade_42',43),
(44,'Rua_43','Cidade_43',44),
(45,'Rua_44','Cidade_44',45),
(46,'Rua_45','Cidade_45',46),
(47,'Rua_46','Cidade_46',47),
(48,'Rua_47','Cidade_47',48),
(49,'Rua_48','Cidade_48',49),
(50,'Rua_49','Cidade_49',50),
(51,'Rua_50','Cidade_50',51),
(52,'Rua_51','Cidade_51',52),
(53,'Rua_52','Cidade_52',53),
(54,'Rua_53','Cidade_53',54),
(55,'Rua_54','Cidade_54',55),
(56,'Rua_55','Cidade_55',56),
(57,'Rua_56','Cidade_56',57),
(58,'Rua_57','Cidade_57',58),
(59,'Rua_58','Cidade_58',59),
(60,'Rua_59','Cidade_59',60),
(61,'Rua_60','Cidade_60',61),
(62,'Rua_61','Cidade_61',62),
(63,'Rua_62','Cidade_62',63),
(64,'Rua_63','Cidade_63',64),
(65,'Rua_64','Cidade_64',65),
(66,'Rua_65','Cidade_65',66),
(67,'Rua_66','Cidade_66',67),
(68,'Rua_67','Cidade_67',68),
(69,'Rua_68','Cidade_68',69),
(70,'Rua_69','Cidade_69',70),
(71,'Rua_70','Cidade_70',71),
(72,'Rua_71','Cidade_71',72),
(73,'Rua_72','Cidade_72',73),
(74,'Rua_73','Cidade_73',74),
(75,'Rua_74','Cidade_74',75),
(76,'Rua_75','Cidade_75',76),
(77,'Rua_76','Cidade_76',77),
(78,'Rua_77','Cidade_77',78),
(79,'Rua_78','Cidade_78',79),
(80,'Rua_79','Cidade_79',80),
(81,'Rua_80','Cidade_80',81),
(82,'Rua_81','Cidade_81',82),
(83,'Rua_82','Cidade_82',83),
(84,'Rua_83','Cidade_83',84),
(85,'Rua_84','Cidade_84',85),
(86,'Rua_85','Cidade_85',86),
(87,'Rua_86','Cidade_86',87),
(88,'Rua_87','Cidade_87',88),
(89,'Rua_88','Cidade_88',89),
(90,'Rua_89','Cidade_89',90),
(91,'Rua_90','Cidade_90',91),
(92,'Rua_91','Cidade_91',92),
(93,'Rua_92','Cidade_92',93),
(94,'Rua_93','Cidade_93',94),
(95,'Rua_94','Cidade_94',95),
(96,'Rua_95','Cidade_95',96),
(97,'Rua_96','Cidade_96',97),
(98,'Rua_97','Cidade_97',98),
(99,'Rua_98','Cidade_98',99),
(100,'Rua_99','Cidade_99',100);

/*Table structure for table `fornecedor` */

DROP TABLE IF EXISTS `fornecedor`;

CREATE TABLE `fornecedor` (
  `ID_Fornecedor` int NOT NULL AUTO_INCREMENT,
  `Nome` varchar(100) DEFAULT NULL,
  `Email` varchar(100) DEFAULT NULL,
  PRIMARY KEY (`ID_Fornecedor`)
) ENGINE=InnoDB AUTO_INCREMENT=101 DEFAULT CHARSET=utf8mb4 COLLATE=utf8mb4_0900_ai_ci;

/*Data for the table `fornecedor` */

insert  into `fornecedor`(`ID_Fornecedor`,`Nome`,`Email`) values 
(1,'Fornecedor_0','fornecedor0@exemplo.com'),
(2,'Fornecedor_1','fornecedor1@exemplo.com'),
(3,'Fornecedor_2','fornecedor2@exemplo.com'),
(4,'Fornecedor_3','fornecedor3@exemplo.com'),
(5,'Fornecedor_4','fornecedor4@exemplo.com'),
(6,'Fornecedor_5','fornecedor5@exemplo.com'),
(7,'Fornecedor_6','fornecedor6@exemplo.com'),
(8,'Fornecedor_7','fornecedor7@exemplo.com'),
(9,'Fornecedor_8','fornecedor8@exemplo.com'),
(10,'Fornecedor_9','fornecedor9@exemplo.com'),
(11,'Fornecedor_10','fornecedor10@exemplo.com'),
(12,'Fornecedor_11','fornecedor11@exemplo.com'),
(13,'Fornecedor_12','fornecedor12@exemplo.com'),
(14,'Fornecedor_13','fornecedor13@exemplo.com'),
(15,'Fornecedor_14','fornecedor14@exemplo.com'),
(16,'Fornecedor_15','fornecedor15@exemplo.com'),
(17,'Fornecedor_16','fornecedor16@exemplo.com'),
(18,'Fornecedor_17','fornecedor17@exemplo.com'),
(19,'Fornecedor_18','fornecedor18@exemplo.com'),
(20,'Fornecedor_19','fornecedor19@exemplo.com'),
(21,'Fornecedor_20','fornecedor20@exemplo.com'),
(22,'Fornecedor_21','fornecedor21@exemplo.com'),
(23,'Fornecedor_22','fornecedor22@exemplo.com'),
(24,'Fornecedor_23','fornecedor23@exemplo.com'),
(25,'Fornecedor_24','fornecedor24@exemplo.com'),
(26,'Fornecedor_25','fornecedor25@exemplo.com'),
(27,'Fornecedor_26','fornecedor26@exemplo.com'),
(28,'Fornecedor_27','fornecedor27@exemplo.com'),
(29,'Fornecedor_28','fornecedor28@exemplo.com'),
(30,'Fornecedor_29','fornecedor29@exemplo.com'),
(31,'Fornecedor_30','fornecedor30@exemplo.com'),
(32,'Fornecedor_31','fornecedor31@exemplo.com'),
(33,'Fornecedor_32','fornecedor32@exemplo.com'),
(34,'Fornecedor_33','fornecedor33@exemplo.com'),
(35,'Fornecedor_34','fornecedor34@exemplo.com'),
(36,'Fornecedor_35','fornecedor35@exemplo.com'),
(37,'Fornecedor_36','fornecedor36@exemplo.com'),
(38,'Fornecedor_37','fornecedor37@exemplo.com'),
(39,'Fornecedor_38','fornecedor38@exemplo.com'),
(40,'Fornecedor_39','fornecedor39@exemplo.com'),
(41,'Fornecedor_40','fornecedor40@exemplo.com'),
(42,'Fornecedor_41','fornecedor41@exemplo.com'),
(43,'Fornecedor_42','fornecedor42@exemplo.com'),
(44,'Fornecedor_43','fornecedor43@exemplo.com'),
(45,'Fornecedor_44','fornecedor44@exemplo.com'),
(46,'Fornecedor_45','fornecedor45@exemplo.com'),
(47,'Fornecedor_46','fornecedor46@exemplo.com'),
(48,'Fornecedor_47','fornecedor47@exemplo.com'),
(49,'Fornecedor_48','fornecedor48@exemplo.com'),
(50,'Fornecedor_49','fornecedor49@exemplo.com'),
(51,'Fornecedor_50','fornecedor50@exemplo.com'),
(52,'Fornecedor_51','fornecedor51@exemplo.com'),
(53,'Fornecedor_52','fornecedor52@exemplo.com'),
(54,'Fornecedor_53','fornecedor53@exemplo.com'),
(55,'Fornecedor_54','fornecedor54@exemplo.com'),
(56,'Fornecedor_55','fornecedor55@exemplo.com'),
(57,'Fornecedor_56','fornecedor56@exemplo.com'),
(58,'Fornecedor_57','fornecedor57@exemplo.com'),
(59,'Fornecedor_58','fornecedor58@exemplo.com'),
(60,'Fornecedor_59','fornecedor59@exemplo.com'),
(61,'Fornecedor_60','fornecedor60@exemplo.com'),
(62,'Fornecedor_61','fornecedor61@exemplo.com'),
(63,'Fornecedor_62','fornecedor62@exemplo.com'),
(64,'Fornecedor_63','fornecedor63@exemplo.com'),
(65,'Fornecedor_64','fornecedor64@exemplo.com'),
(66,'Fornecedor_65','fornecedor65@exemplo.com'),
(67,'Fornecedor_66','fornecedor66@exemplo.com'),
(68,'Fornecedor_67','fornecedor67@exemplo.com'),
(69,'Fornecedor_68','fornecedor68@exemplo.com'),
(70,'Fornecedor_69','fornecedor69@exemplo.com'),
(71,'Fornecedor_70','fornecedor70@exemplo.com'),
(72,'Fornecedor_71','fornecedor71@exemplo.com'),
(73,'Fornecedor_72','fornecedor72@exemplo.com'),
(74,'Fornecedor_73','fornecedor73@exemplo.com'),
(75,'Fornecedor_74','fornecedor74@exemplo.com'),
(76,'Fornecedor_75','fornecedor75@exemplo.com'),
(77,'Fornecedor_76','fornecedor76@exemplo.com'),
(78,'Fornecedor_77','fornecedor77@exemplo.com'),
(79,'Fornecedor_78','fornecedor78@exemplo.com'),
(80,'Fornecedor_79','fornecedor79@exemplo.com'),
(81,'Fornecedor_80','fornecedor80@exemplo.com'),
(82,'Fornecedor_81','fornecedor81@exemplo.com'),
(83,'Fornecedor_82','fornecedor82@exemplo.com'),
(84,'Fornecedor_83','fornecedor83@exemplo.com'),
(85,'Fornecedor_84','fornecedor84@exemplo.com'),
(86,'Fornecedor_85','fornecedor85@exemplo.com'),
(87,'Fornecedor_86','fornecedor86@exemplo.com'),
(88,'Fornecedor_87','fornecedor87@exemplo.com'),
(89,'Fornecedor_88','fornecedor88@exemplo.com'),
(90,'Fornecedor_89','fornecedor89@exemplo.com'),
(91,'Fornecedor_90','fornecedor90@exemplo.com'),
(92,'Fornecedor_91','fornecedor91@exemplo.com'),
(93,'Fornecedor_92','fornecedor92@exemplo.com'),
(94,'Fornecedor_93','fornecedor93@exemplo.com'),
(95,'Fornecedor_94','fornecedor94@exemplo.com'),
(96,'Fornecedor_95','fornecedor95@exemplo.com'),
(97,'Fornecedor_96','fornecedor96@exemplo.com'),
(98,'Fornecedor_97','fornecedor97@exemplo.com'),
(99,'Fornecedor_98','fornecedor98@exemplo.com'),
(100,'Fornecedor_99','fornecedor99@exemplo.com');

/*Table structure for table `pagamento` */

DROP TABLE IF EXISTS `pagamento`;

CREATE TABLE `pagamento` (
  `ID_Pagamento` int NOT NULL AUTO_INCREMENT,
  `Metodo` varchar(50) DEFAULT NULL,
  `Valor` decimal(10,2) DEFAULT NULL,
  `ID_Pedido` int DEFAULT NULL,
  PRIMARY KEY (`ID_Pagamento`),
  UNIQUE KEY `ID_Pedido` (`ID_Pedido`),
  CONSTRAINT `pagamento_ibfk_1` FOREIGN KEY (`ID_Pedido`) REFERENCES `pedido` (`ID_Pedido`)
) ENGINE=InnoDB AUTO_INCREMENT=102 DEFAULT CHARSET=utf8mb4 COLLATE=utf8mb4_0900_ai_ci;

/*Data for the table `pagamento` */

insert  into `pagamento`(`ID_Pagamento`,`Metodo`,`Valor`,`ID_Pedido`) values 
(1,'Boleto',29.62,1),
(2,'Carto de Crdito',243.93,2),
(3,'Carto de Crdito',359.03,3),
(4,'Boleto',617.31,4),
(5,'Carto de Crdito',488.56,5),
(6,'Carto de Crdito',717.93,6),
(7,'Carto de Crdito',234.65,7),
(8,'Boleto',988.03,8),
(9,'Boleto',651.60,9),
(10,'Carto de Crdito',479.12,10),
(11,'Carto de Crdito',229.90,11),
(12,'Boleto',46.98,12),
(13,'Boleto',814.59,13),
(14,'Carto de Crdito',45.39,14),
(15,'Boleto',522.07,15),
(16,'Boleto',501.90,16),
(17,'Carto de Crdito',828.48,17),
(18,'Boleto',214.93,18),
(19,'Carto de Crdito',618.43,19),
(20,'Carto de Crdito',806.71,20),
(21,'Carto de Crdito',752.58,21),
(22,'Boleto',29.74,22),
(23,'Carto de Crdito',782.82,23),
(24,'Carto de Crdito',596.83,24),
(25,'Boleto',285.48,25),
(26,'Boleto',43.59,26),
(27,'Carto de Crdito',249.83,27),
(28,'Carto de Crdito',345.58,28),
(29,'Carto de Crdito',308.49,29),
(30,'Carto de Crdito',742.07,30),
(31,'Carto de Crdito',313.96,31),
(32,'Boleto',277.57,32),
(33,'Carto de Crdito',439.15,33),
(34,'Boleto',836.74,34),
(35,'Boleto',936.65,35),
(36,'Boleto',256.78,36),
(37,'Carto de Crdito',439.93,37),
(38,'Boleto',38.70,38),
(39,'Boleto',766.93,39),
(40,'Carto de Crdito',214.32,40),
(41,'Boleto',160.71,41),
(42,'Boleto',115.70,42),
(43,'Carto de Crdito',742.93,43),
(44,'Boleto',65.35,44),
(45,'Carto de Crdito',546.34,45),
(46,'Boleto',783.29,46),
(47,'Boleto',956.38,47),
(48,'Carto de Crdito',112.63,48),
(49,'Boleto',523.47,49),
(50,'Boleto',923.32,50),
(51,'Boleto',822.78,51),
(52,'Boleto',314.00,52),
(53,'Boleto',551.90,53),
(54,'Carto de Crdito',651.05,54),
(55,'Carto de Crdito',393.80,55),
(56,'Boleto',613.83,56),
(57,'Boleto',109.59,57),
(58,'Carto de Crdito',548.67,58),
(59,'Carto de Crdito',429.40,59),
(60,'Carto de Crdito',211.65,60),
(61,'Boleto',147.64,61),
(62,'Carto de Crdito',891.32,62),
(63,'Carto de Crdito',597.30,63),
(64,'Carto de Crdito',317.79,64),
(65,'Boleto',653.38,65),
(66,'Boleto',545.12,66),
(67,'Carto de Crdito',467.93,67),
(68,'Boleto',975.59,68),
(69,'Boleto',315.84,69),
(70,'Carto de Crdito',211.67,70),
(71,'Boleto',170.08,71),
(72,'Boleto',317.50,72),
(73,'Boleto',492.82,73),
(74,'Carto de Crdito',497.11,74),
(75,'Carto de Crdito',1000.63,75),
(76,'Carto de Crdito',529.06,76),
(77,'Carto de Crdito',37.45,77),
(78,'Carto de Crdito',940.92,78),
(79,'Carto de Crdito',531.40,79),
(80,'Carto de Crdito',619.37,80),
(81,'Boleto',976.41,81),
(82,'Boleto',968.40,82),
(83,'Carto de Crdito',602.95,83),
(84,'Boleto',731.46,84),
(85,'Boleto',462.25,85),
(86,'Boleto',190.66,86),
(87,'Boleto',453.25,87),
(88,'Boleto',886.72,88),
(89,'Boleto',759.44,89),
(90,'Carto de Crdito',439.94,90),
(91,'Boleto',514.83,91),
(92,'Carto de Crdito',813.41,92),
(93,'Carto de Crdito',812.29,93),
(94,'Carto de Crdito',103.77,94),
(95,'Boleto',652.05,95),
(96,'Carto de Crdito',446.08,96),
(97,'Boleto',598.13,97),
(98,'Boleto',340.71,98),
(99,'Boleto',81.34,99),
(100,'Boleto',469.97,100);

/*Table structure for table `pedido` */

DROP TABLE IF EXISTS `pedido`;

CREATE TABLE `pedido` (
  `ID_Pedido` int NOT NULL AUTO_INCREMENT,
  `DataPedido` date DEFAULT NULL,
  `ID_Cliente` int DEFAULT NULL,
  PRIMARY KEY (`ID_Pedido`),
  KEY `ID_Cliente` (`ID_Cliente`),
  CONSTRAINT `pedido_ibfk_1` FOREIGN KEY (`ID_Cliente`) REFERENCES `cliente` (`ID_Cliente`)
) ENGINE=InnoDB AUTO_INCREMENT=601 DEFAULT CHARSET=utf8mb4 COLLATE=utf8mb4_0900_ai_ci;

/*Data for the table `pedido` */

insert  into `pedido`(`ID_Pedido`,`DataPedido`,`ID_Cliente`) values 
(1,'2022-03-26',89),
(2,'2022-09-28',5),
(3,'2022-12-24',78),
(4,'2022-12-11',39),
(5,'2022-02-05',34),
(6,'2022-05-20',91),
(7,'2022-05-23',24),
(8,'2022-12-25',22),
(9,'2022-02-23',8),
(10,'2022-12-07',45),
(11,'2022-05-28',70),
(12,'2022-04-14',32),
(13,'2022-09-29',77),
(14,'2022-08-09',73),
(15,'2022-10-17',81),
(16,'2022-08-19',76),
(17,'2022-11-13',8),
(18,'2022-10-13',69),
(19,'2022-01-22',25),
(20,'2022-01-26',60),
(21,'2022-10-12',11),
(22,'2022-03-07',60),
(23,'2022-06-02',32),
(24,'2022-04-23',61),
(25,'2022-02-03',66),
(26,'2022-12-29',100),
(27,'2022-01-04',7),
(28,'2022-04-12',20),
(29,'2022-03-02',23),
(30,'2022-08-21',52),
(31,'2022-08-22',67),
(32,'2022-05-24',98),
(33,'2022-09-13',58),
(34,'2022-10-11',16),
(35,'2022-06-09',73),
(36,'2022-04-20',34),
(37,'2022-10-09',86),
(38,'2022-12-13',20),
(39,'2022-02-11',100),
(40,'2022-08-19',18),
(41,'2022-12-28',42),
(42,'2022-02-08',29),
(43,'2022-02-03',61),
(44,'2022-10-10',4),
(45,'2022-11-15',26),
(46,'2022-08-20',42),
(47,'2022-03-13',73),
(48,'2022-01-08',95),
(49,'2022-08-21',37),
(50,'2022-12-05',54),
(51,'2022-11-17',80),
(52,'2022-05-06',34),
(53,'2022-08-27',25),
(54,'2022-04-15',69),
(55,'2022-07-29',81),
(56,'2022-04-24',14),
(57,'2022-09-24',26),
(58,'2022-02-07',74),
(59,'2022-05-20',70),
(60,'2022-05-05',61),
(61,'2022-01-05',25),
(62,'2022-03-13',24),
(63,'2022-08-11',33),
(64,'2022-10-20',3),
(65,'2022-09-23',57),
(66,'2022-08-21',49),
(67,'2022-07-13',19),
(68,'2022-05-07',17),
(69,'2022-10-21',52),
(70,'2022-02-23',20),
(71,'2022-07-15',10),
(72,'2022-11-15',8),
(73,'2022-10-03',55),
(74,'2022-06-25',77),
(75,'2022-05-14',54),
(76,'2022-08-06',36),
(77,'2022-01-06',100),
(78,'2022-11-30',60),
(79,'2022-03-24',35),
(80,'2022-01-21',25),
(81,'2022-01-14',46),
(82,'2022-03-09',55),
(83,'2022-03-02',20),
(84,'2022-06-24',81),
(85,'2022-07-31',50),
(86,'2022-09-18',11),
(87,'2022-05-14',52),
(88,'2022-06-29',91),
(89,'2022-01-26',63),
(90,'2022-12-01',71),
(91,'2022-10-05',70),
(92,'2022-03-09',85),
(93,'2022-09-06',86),
(94,'2022-04-01',67),
(95,'2022-08-03',95),
(96,'2022-12-16',95),
(97,'2022-11-14',51),
(98,'2022-11-29',4),
(99,'2022-06-18',19),
(100,'2022-07-25',25),
(101,'2022-05-28',148),
(102,'2022-06-22',31),
(103,'2022-05-07',56),
(104,'2022-05-08',181),
(105,'2022-06-25',138),
(106,'2022-01-02',192),
(107,'2022-10-07',192),
(108,'2022-06-26',111),
(109,'2022-04-28',189),
(110,'2022-09-27',175),
(111,'2022-02-19',14),
(112,'2022-12-10',100),
(113,'2022-09-02',171),
(114,'2022-04-04',145),
(115,'2022-11-02',5),
(116,'2022-08-07',185),
(117,'2022-10-25',64),
(118,'2022-02-19',146),
(119,'2022-03-25',193),
(120,'2022-02-17',154),
(121,'2022-06-07',174),
(122,'2022-01-14',118),
(123,'2022-10-31',79),
(124,'2022-06-23',39),
(125,'2022-07-15',20),
(126,'2022-11-17',21),
(127,'2022-11-14',9),
(128,'2022-08-08',178),
(129,'2022-08-16',91),
(130,'2022-05-28',132),
(131,'2022-01-30',85),
(132,'2022-11-18',26),
(133,'2022-12-31',123),
(134,'2022-01-22',92),
(135,'2022-02-09',36),
(136,'2022-07-22',49),
(137,'2022-07-19',1),
(138,'2022-05-19',178),
(139,'2022-04-19',166),
(140,'2022-04-03',157),
(141,'2022-02-25',83),
(142,'2022-08-06',151),
(143,'2022-12-19',115),
(144,'2022-12-18',21),
(145,'2022-08-15',159),
(146,'2022-02-06',26),
(147,'2022-05-07',68),
(148,'2022-08-30',59),
(149,'2022-06-20',93),
(150,'2022-11-29',35),
(151,'2022-02-16',24),
(152,'2022-03-18',139),
(153,'2022-11-05',28),
(154,'2022-02-23',65),
(155,'2022-03-08',189),
(156,'2022-03-01',197),
(157,'2022-06-06',40),
(158,'2022-09-16',190),
(159,'2022-08-08',34),
(160,'2022-01-11',129),
(161,'2022-02-15',141),
(162,'2022-02-20',117),
(163,'2022-07-03',152),
(164,'2022-04-17',37),
(165,'2022-01-11',120),
(166,'2022-11-29',151),
(167,'2022-01-12',180),
(168,'2022-05-28',66),
(169,'2022-05-31',18),
(170,'2022-03-13',145),
(171,'2022-01-09',190),
(172,'2022-09-05',108),
(173,'2022-08-24',125),
(174,'2022-03-09',11),
(175,'2022-09-16',78),
(176,'2022-10-21',172),
(177,'2022-11-15',160),
(178,'2022-05-16',93),
(179,'2022-03-16',126),
(180,'2022-07-11',150),
(181,'2022-02-25',104),
(182,'2022-02-20',27),
(183,'2022-04-04',176),
(184,'2022-08-12',88),
(185,'2022-05-08',86),
(186,'2022-02-05',40),
(187,'2022-09-13',183),
(188,'2022-06-14',105),
(189,'2022-04-06',148),
(190,'2022-11-23',54),
(191,'2022-08-28',95),
(192,'2022-05-29',122),
(193,'2022-10-30',63),
(194,'2022-02-01',99),
(195,'2022-03-14',105),
(196,'2022-01-04',97),
(197,'2022-05-22',99),
(198,'2022-04-16',196),
(199,'2022-01-06',30),
(200,'2022-09-11',5),
(201,'2022-01-13',170),
(202,'2022-09-22',280),
(203,'2022-06-23',177),
(204,'2022-07-07',240),
(205,'2022-06-17',271),
(206,'2022-02-16',280),
(207,'2022-04-11',177),
(208,'2022-02-09',235),
(209,'2022-07-30',164),
(210,'2022-12-31',106),
(211,'2022-10-05',224),
(212,'2022-06-13',1),
(213,'2022-09-02',101),
(214,'2022-09-04',112),
(215,'2022-10-28',3),
(216,'2022-07-26',241),
(217,'2022-04-28',60),
(218,'2022-01-10',162),
(219,'2022-08-12',134),
(220,'2022-05-24',188),
(221,'2022-12-12',259),
(222,'2022-06-21',228),
(223,'2022-05-22',200),
(224,'2022-03-01',247),
(225,'2022-08-11',177),
(226,'2022-02-09',236),
(227,'2022-08-05',185),
(228,'2022-04-16',183),
(229,'2022-03-03',5),
(230,'2022-07-29',248),
(231,'2022-05-26',156),
(232,'2022-05-25',129),
(233,'2022-12-12',137),
(234,'2022-06-09',245),
(235,'2022-10-06',114),
(236,'2022-08-05',251),
(237,'2022-05-25',143),
(238,'2022-03-11',157),
(239,'2022-01-15',191),
(240,'2022-01-20',110),
(241,'2022-08-31',68),
(242,'2022-02-16',291),
(243,'2022-06-14',106),
(244,'2022-05-31',3),
(245,'2022-10-20',297),
(246,'2022-07-12',202),
(247,'2022-10-09',256),
(248,'2022-12-10',46),
(249,'2022-12-08',67),
(250,'2022-04-21',254),
(251,'2022-04-28',23),
(252,'2022-05-31',251),
(253,'2022-12-07',49),
(254,'2022-01-04',170),
(255,'2022-10-17',80),
(256,'2022-12-16',295),
(257,'2022-01-17',85),
(258,'2022-04-08',150),
(259,'2022-09-08',280),
(260,'2022-08-07',60),
(261,'2022-03-15',123),
(262,'2022-06-08',286),
(263,'2022-06-17',130),
(264,'2022-10-16',198),
(265,'2022-11-30',178),
(266,'2022-03-24',107),
(267,'2022-02-03',119),
(268,'2022-09-12',91),
(269,'2022-06-02',56),
(270,'2022-09-02',238),
(271,'2022-12-15',121),
(272,'2022-02-20',146),
(273,'2022-01-07',191),
(274,'2022-02-13',206),
(275,'2022-01-25',87),
(276,'2022-03-28',95),
(277,'2022-11-13',118),
(278,'2022-05-10',179),
(279,'2022-12-02',241),
(280,'2022-04-05',267),
(281,'2022-08-31',196),
(282,'2022-04-10',121),
(283,'2022-03-10',220),
(284,'2022-02-06',92),
(285,'2022-03-25',67),
(286,'2022-06-07',146),
(287,'2022-02-19',65),
(288,'2022-09-05',221),
(289,'2022-08-26',15),
(290,'2022-04-13',79),
(291,'2022-06-18',158),
(292,'2022-03-29',189),
(293,'2022-06-04',70),
(294,'2022-11-21',226),
(295,'2022-01-30',49),
(296,'2022-07-22',88),
(297,'2022-10-18',30),
(298,'2022-02-09',73),
(299,'2022-11-18',205),
(300,'2022-10-06',233),
(301,'2022-10-22',295),
(302,'2022-04-05',35),
(303,'2022-08-26',399),
(304,'2022-01-10',57),
(305,'2022-08-17',286),
(306,'2022-09-08',117),
(307,'2022-05-26',47),
(308,'2022-05-21',233),
(309,'2022-10-01',400),
(310,'2022-09-29',290),
(311,'2022-05-24',318),
(312,'2022-10-16',226),
(313,'2022-06-15',232),
(314,'2022-07-12',360),
(315,'2022-12-02',360),
(316,'2022-09-24',386),
(317,'2022-08-15',86),
(318,'2022-03-16',152),
(319,'2022-04-15',117),
(320,'2022-08-07',49),
(321,'2022-10-24',280),
(322,'2022-01-22',80),
(323,'2022-10-23',184),
(324,'2022-11-10',370),
(325,'2022-01-17',180),
(326,'2022-02-09',80),
(327,'2022-08-30',287),
(328,'2022-08-06',335),
(329,'2022-05-21',169),
(330,'2022-12-14',197),
(331,'2022-08-08',215),
(332,'2022-11-15',303),
(333,'2022-03-01',220),
(334,'2022-04-05',257),
(335,'2022-06-08',99),
(336,'2022-12-07',368),
(337,'2022-10-20',99),
(338,'2022-10-30',164),
(339,'2022-07-23',226),
(340,'2022-02-22',10),
(341,'2022-09-11',158),
(342,'2022-11-19',95),
(343,'2022-07-15',390),
(344,'2022-04-04',143),
(345,'2022-01-08',13),
(346,'2022-02-04',153),
(347,'2022-08-15',382),
(348,'2022-11-29',280),
(349,'2022-10-03',270),
(350,'2022-02-11',218),
(351,'2022-05-17',95),
(352,'2022-01-23',240),
(353,'2022-10-22',98),
(354,'2022-10-18',97),
(355,'2022-10-30',166),
(356,'2022-07-31',265),
(357,'2022-07-26',340),
(358,'2022-07-18',69),
(359,'2022-03-25',253),
(360,'2022-06-19',170),
(361,'2022-09-26',161),
(362,'2022-10-19',319),
(363,'2022-08-01',210),
(364,'2022-11-13',306),
(365,'2022-03-23',330),
(366,'2022-06-12',303),
(367,'2022-06-14',394),
(368,'2022-07-24',343),
(369,'2022-08-05',161),
(370,'2022-03-24',370),
(371,'2022-12-09',371),
(372,'2022-10-26',125),
(373,'2022-02-08',235),
(374,'2022-08-15',137),
(375,'2022-11-07',90),
(376,'2022-07-28',73),
(377,'2022-03-11',165),
(378,'2022-06-27',80),
(379,'2022-07-13',23),
(380,'2022-09-08',109),
(381,'2022-04-17',260),
(382,'2022-05-16',362),
(383,'2022-05-30',133),
(384,'2022-06-06',60),
(385,'2022-06-17',340),
(386,'2022-11-12',310),
(387,'2022-04-13',35),
(388,'2022-08-03',270),
(389,'2022-08-12',17),
(390,'2022-05-14',283),
(391,'2022-06-06',12),
(392,'2022-11-10',84),
(393,'2022-06-18',273),
(394,'2022-01-08',24),
(395,'2022-03-28',3),
(396,'2022-04-26',227),
(397,'2022-11-18',282),
(398,'2022-11-15',104),
(399,'2022-09-02',229),
(400,'2022-11-06',214),
(401,'2022-01-26',86),
(402,'2022-08-23',352),
(403,'2022-08-03',415),
(404,'2022-05-18',203),
(405,'2022-11-21',115),
(406,'2022-06-24',352),
(407,'2022-01-30',146),
(408,'2022-03-22',112),
(409,'2022-06-17',310),
(410,'2022-09-20',373),
(411,'2022-07-27',300),
(412,'2022-04-18',336),
(413,'2022-06-23',183),
(414,'2022-05-26',448),
(415,'2022-04-13',359),
(416,'2022-09-30',290),
(417,'2022-08-29',276),
(418,'2022-10-11',120),
(419,'2022-11-09',287),
(420,'2022-04-17',373),
(421,'2022-11-04',492),
(422,'2022-05-21',491),
(423,'2022-09-29',389),
(424,'2022-08-29',480),
(425,'2022-10-25',104),
(426,'2022-08-01',149),
(427,'2022-09-27',400),
(428,'2022-10-13',255),
(429,'2022-03-15',240),
(430,'2022-10-15',255),
(431,'2022-03-05',175),
(432,'2022-03-24',37),
(433,'2022-09-11',129),
(434,'2022-03-13',103),
(435,'2022-06-12',303),
(436,'2022-09-11',330),
(437,'2022-03-17',32),
(438,'2022-09-10',134),
(439,'2022-04-06',253),
(440,'2022-09-28',98),
(441,'2022-10-01',82),
(442,'2022-07-26',170),
(443,'2022-01-01',494),
(444,'2022-12-08',358),
(445,'2022-10-06',339),
(446,'2022-02-05',224),
(447,'2022-12-12',197),
(448,'2022-02-16',231),
(449,'2022-12-02',108),
(450,'2022-04-27',476),
(451,'2022-10-19',69),
(452,'2022-04-16',16),
(453,'2022-04-18',189),
(454,'2022-01-02',446),
(455,'2022-06-11',270),
(456,'2022-05-14',108),
(457,'2022-12-22',111),
(458,'2022-03-11',142),
(459,'2022-11-04',184),
(460,'2022-04-22',214),
(461,'2022-03-20',400),
(462,'2022-05-08',176),
(463,'2022-09-14',232),
(464,'2022-03-18',328),
(465,'2022-08-26',143),
(466,'2022-06-22',255),
(467,'2022-02-15',50),
(468,'2022-02-15',161),
(469,'2022-03-27',105),
(470,'2022-05-04',32),
(471,'2022-04-22',166),
(472,'2022-09-29',361),
(473,'2022-05-18',362),
(474,'2022-06-25',120),
(475,'2022-10-01',17),
(476,'2022-11-29',232),
(477,'2022-07-31',257),
(478,'2022-10-27',283),
(479,'2022-05-14',69),
(480,'2022-08-03',262),
(481,'2022-11-08',347),
(482,'2022-11-28',233),
(483,'2022-08-07',302),
(484,'2022-03-19',131),
(485,'2022-08-30',265),
(486,'2022-08-30',361),
(487,'2022-08-14',464),
(488,'2022-10-12',57),
(489,'2022-03-24',399),
(490,'2022-04-23',74),
(491,'2022-10-24',309),
(492,'2022-08-24',191),
(493,'2022-12-21',353),
(494,'2022-08-13',479),
(495,'2022-12-10',419),
(496,'2022-05-13',154),
(497,'2022-06-10',140),
(498,'2022-01-28',269),
(499,'2022-06-19',356),
(500,'2022-02-27',327),
(501,'2022-09-06',134),
(502,'2022-01-28',424),
(503,'2022-04-20',233),
(504,'2022-01-14',12),
(505,'2022-12-26',518),
(506,'2022-05-14',142),
(507,'2022-01-31',426),
(508,'2022-04-19',216),
(509,'2022-11-25',258),
(510,'2022-06-12',561),
(511,'2022-05-04',535),
(512,'2022-06-10',314),
(513,'2022-04-17',540),
(514,'2022-08-12',223),
(515,'2022-01-06',577),
(516,'2022-10-05',552),
(517,'2022-04-26',495),
(518,'2022-03-03',224),
(519,'2022-05-11',405),
(520,'2022-04-17',266),
(521,'2022-05-02',204),
(522,'2022-09-12',284),
(523,'2022-04-07',548),
(524,'2022-10-07',53),
(525,'2022-02-21',269),
(526,'2022-10-24',434),
(527,'2022-03-05',423),
(528,'2022-12-31',528),
(529,'2022-05-27',221),
(530,'2022-08-19',36),
(531,'2022-05-27',499),
(532,'2022-12-12',146),
(533,'2022-05-16',75),
(534,'2022-07-06',107),
(535,'2022-05-11',154),
(536,'2022-03-18',167),
(537,'2022-10-04',576),
(538,'2022-07-09',435),
(539,'2022-01-23',80),
(540,'2022-06-25',600),
(541,'2022-07-24',481),
(542,'2022-04-30',137),
(543,'2022-02-27',63),
(544,'2022-01-19',566),
(545,'2022-07-24',582),
(546,'2022-03-02',556),
(547,'2022-02-17',524),
(548,'2022-12-22',150),
(549,'2022-04-28',521),
(550,'2022-05-16',155),
(551,'2022-03-04',49),
(552,'2022-11-21',124),
(553,'2022-05-13',118),
(554,'2022-11-21',514),
(555,'2022-08-12',297),
(556,'2022-08-21',421),
(557,'2022-08-04',512),
(558,'2022-06-27',529),
(559,'2022-12-10',40),
(560,'2022-07-04',201),
(561,'2022-02-26',460),
(562,'2022-05-15',329),
(563,'2022-08-18',304),
(564,'2022-08-23',415),
(565,'2022-07-14',351),
(566,'2022-04-29',523),
(567,'2022-05-20',179),
(568,'2022-05-06',496),
(569,'2022-02-05',7),
(570,'2022-10-06',466),
(571,'2022-08-05',382),
(572,'2022-05-28',65),
(573,'2022-04-30',188),
(574,'2022-08-01',581),
(575,'2022-02-05',348),
(576,'2022-08-09',169),
(577,'2022-08-07',86),
(578,'2022-12-03',111),
(579,'2022-02-26',134),
(580,'2022-08-25',346),
(581,'2022-12-05',551),
(582,'2022-10-21',159),
(583,'2022-11-28',447),
(584,'2022-12-31',461),
(585,'2022-11-02',531),
(586,'2022-11-28',535),
(587,'2022-09-24',587),
(588,'2022-09-11',327),
(589,'2022-08-21',330),
(590,'2022-11-02',326),
(591,'2022-03-14',218),
(592,'2022-03-22',10),
(593,'2022-06-02',26),
(594,'2022-12-15',391),
(595,'2022-05-22',592),
(596,'2022-10-06',518),
(597,'2022-01-08',310),
(598,'2022-07-08',25),
(599,'2022-08-27',87),
(600,'2022-10-04',212);

/*Table structure for table `produto` */

DROP TABLE IF EXISTS `produto`;

CREATE TABLE `produto` (
  `ID_Produto` int NOT NULL AUTO_INCREMENT,
  `Nome` varchar(100) DEFAULT NULL,
  `Preco` decimal(10,2) DEFAULT NULL,
  PRIMARY KEY (`ID_Produto`)
) ENGINE=InnoDB AUTO_INCREMENT=602 DEFAULT CHARSET=utf8mb4 COLLATE=utf8mb4_0900_ai_ci;

/*Data for the table `produto` */

insert  into `produto`(`ID_Produto`,`Nome`,`Preco`) values 
(1,'Samsung Galaxy Book GO',2000.00),
(2,'Pelcula Samsumg S22 Ultra',80.00),
(3,'Alyssom Book',9000.00),
(4,'Relgio HK 22',679.00),
(5,'Teste',900.00),
(7,'Produto_6',27.78),
(8,'Produto_7',49.30),
(9,'Produto_8',62.15),
(10,'Produto_9',61.85),
(11,'Produto_10',21.80),
(12,'Produto_11',22.47),
(13,'Produto_12',45.96),
(14,'Produto_13',61.36),
(15,'Produto_14',67.93),
(16,'Produto_15',54.59),
(17,'Produto_16',68.13),
(18,'Produto_17',75.90),
(19,'Produto_18',74.10),
(20,'Produto_19',41.82),
(21,'Produto_20',85.77),
(22,'Produto_21',2.40),
(23,'Produto_22',53.71),
(24,'Produto_23',60.34),
(25,'Produto_24',39.56),
(26,'Produto_25',15.78),
(27,'Produto_26',59.23),
(28,'Produto_27',47.81),
(29,'Produto_28',60.35),
(30,'Produto_29',57.33),
(31,'Produto_30',4.60),
(32,'Produto_31',50.00),
(33,'Produto_32',35.21),
(34,'Produto_33',25.07),
(35,'Produto_34',18.68),
(36,'Produto_35',17.22),
(37,'Produto_36',29.05),
(38,'Produto_37',92.59),
(39,'Produto_38',74.78),
(40,'Produto_39',95.15),
(41,'Produto_40',50.40),
(42,'Produto_41',65.54),
(43,'Produto_42',75.49),
(44,'Produto_43',79.86),
(45,'Produto_44',71.82),
(46,'Produto_45',18.52),
(47,'Produto_46',76.12),
(48,'Produto_47',24.07),
(49,'Produto_48',90.99),
(50,'Produto_49',81.75),
(51,'Produto_50',34.76),
(52,'Produto_51',27.55),
(53,'Produto_52',32.46),
(54,'Produto_53',78.66),
(55,'Produto_54',94.91),
(56,'Produto_55',37.57),
(57,'Produto_56',2.12),
(58,'Produto_57',96.91),
(59,'Produto_58',77.17),
(60,'Produto_59',94.12),
(61,'Produto_60',38.10),
(62,'Produto_61',7.12),
(63,'Produto_62',20.33),
(64,'Produto_63',79.28),
(65,'Produto_64',34.40),
(66,'Produto_65',33.17),
(67,'Produto_66',61.63),
(68,'Produto_67',7.66),
(69,'Produto_68',52.39),
(70,'Produto_69',37.97),
(71,'Produto_70',31.70),
(72,'Produto_71',43.59),
(73,'Produto_72',21.86),
(74,'Produto_73',77.50),
(75,'Produto_74',20.94),
(76,'Produto_75',71.21),
(77,'Produto_76',92.21),
(78,'Produto_77',46.43),
(79,'Produto_78',54.52),
(80,'Produto_79',32.30),
(81,'Produto_80',96.95),
(82,'Produto_81',86.85),
(83,'Produto_82',42.40),
(84,'Produto_83',50.44),
(85,'Produto_84',23.99),
(86,'Produto_85',67.62),
(87,'Produto_86',65.16),
(88,'Produto_87',21.94),
(89,'Produto_88',13.21),
(90,'Produto_89',99.24),
(91,'Produto_90',55.58),
(92,'Produto_91',79.16),
(93,'Produto_92',28.05),
(94,'Produto_93',1.79),
(95,'Produto_94',23.79),
(96,'Produto_95',12.58),
(97,'Produto_96',90.55),
(98,'Produto_97',13.98),
(99,'Produto_98',97.27),
(100,'Produto_99',43.40),
(101,'Produto_0',71.44),
(102,'Produto_1',48.95),
(103,'Produto_2',29.43),
(104,'Produto_3',99.29),
(105,'Produto_4',7.16),
(106,'Produto_5',36.95),
(107,'Produto_6',62.26),
(108,'Produto_7',99.44),
(109,'Produto_8',9.41),
(110,'Produto_9',47.76),
(111,'Produto_10',9.56),
(112,'Produto_11',3.52),
(113,'Produto_12',87.92),
(114,'Produto_13',28.05),
(115,'Produto_14',75.48),
(116,'Produto_15',92.24),
(117,'Produto_16',33.76),
(118,'Produto_17',91.07),
(119,'Produto_18',53.10),
(120,'Produto_19',91.27),
(121,'Produto_20',96.07),
(122,'Produto_21',5.52),
(123,'Produto_22',38.39),
(124,'Produto_23',74.42),
(125,'Produto_24',55.89),
(126,'Produto_25',55.21),
(127,'Produto_26',7.38),
(128,'Produto_27',70.25),
(129,'Produto_28',28.12),
(130,'Produto_29',28.86),
(131,'Produto_30',58.93),
(132,'Produto_31',7.08),
(133,'Produto_32',57.60),
(134,'Produto_33',65.74),
(135,'Produto_34',54.93),
(136,'Produto_35',76.41),
(137,'Produto_36',16.28),
(138,'Produto_37',51.15),
(139,'Produto_38',5.92),
(140,'Produto_39',75.16),
(141,'Produto_40',57.02),
(142,'Produto_41',58.65),
(143,'Produto_42',21.17),
(144,'Produto_43',28.91),
(145,'Produto_44',80.06),
(146,'Produto_45',12.54),
(147,'Produto_46',21.52),
(148,'Produto_47',68.98),
(149,'Produto_48',79.35),
(150,'Produto_49',88.79),
(151,'Produto_50',4.90),
(152,'Produto_51',57.13),
(153,'Produto_52',69.95),
(154,'Produto_53',77.37),
(155,'Produto_54',76.00),
(156,'Produto_55',46.90),
(157,'Produto_56',5.50),
(158,'Produto_57',85.77),
(159,'Produto_58',11.38),
(160,'Produto_59',98.57),
(161,'Produto_60',57.70),
(162,'Produto_61',91.82),
(163,'Produto_62',84.98),
(164,'Produto_63',48.43),
(165,'Produto_64',86.23),
(166,'Produto_65',84.85),
(167,'Produto_66',64.56),
(168,'Produto_67',67.24),
(169,'Produto_68',41.53),
(170,'Produto_69',4.95),
(171,'Produto_70',99.15),
(172,'Produto_71',79.88),
(173,'Produto_72',100.95),
(174,'Produto_73',64.13),
(175,'Produto_74',16.81),
(176,'Produto_75',90.63),
(177,'Produto_76',1.75),
(178,'Produto_77',35.83),
(179,'Produto_78',72.91),
(180,'Produto_79',56.08),
(181,'Produto_80',60.64),
(182,'Produto_81',33.98),
(183,'Produto_82',86.97),
(184,'Produto_83',31.91),
(185,'Produto_84',97.65),
(186,'Produto_85',91.50),
(187,'Produto_86',63.57),
(188,'Produto_87',42.35),
(189,'Produto_88',20.06),
(190,'Produto_89',72.21),
(191,'Produto_90',99.90),
(192,'Produto_91',81.85),
(193,'Produto_92',8.55),
(194,'Produto_93',96.22),
(195,'Produto_94',54.46),
(196,'Produto_95',82.61),
(197,'Produto_96',48.67),
(198,'Produto_97',94.55),
(199,'Produto_98',25.72),
(200,'Produto_99',43.93),
(201,'Produto_0',28.76),
(202,'Produto_1',18.23),
(203,'Produto_2',3.88),
(204,'Produto_3',63.72),
(205,'Produto_4',5.95),
(206,'Produto_5',37.60),
(207,'Produto_6',69.14),
(208,'Produto_7',31.90),
(209,'Produto_8',51.08),
(210,'Produto_9',58.70),
(211,'Produto_10',39.25),
(212,'Produto_11',19.14),
(213,'Produto_12',76.96),
(214,'Produto_13',26.40),
(215,'Produto_14',100.09),
(216,'Produto_15',20.24),
(217,'Produto_16',99.96),
(218,'Produto_17',38.09),
(219,'Produto_18',89.55),
(220,'Produto_19',32.47),
(221,'Produto_20',92.71),
(222,'Produto_21',65.12),
(223,'Produto_22',46.50),
(224,'Produto_23',36.15),
(225,'Produto_24',40.22),
(226,'Produto_25',91.65),
(227,'Produto_26',36.58),
(228,'Produto_27',6.97),
(229,'Produto_28',24.09),
(230,'Produto_29',98.55),
(231,'Produto_30',19.46),
(232,'Produto_31',100.66),
(233,'Produto_32',43.94),
(234,'Produto_33',16.71),
(235,'Produto_34',50.73),
(236,'Produto_35',2.51),
(237,'Produto_36',59.38),
(238,'Produto_37',88.37),
(239,'Produto_38',62.68),
(240,'Produto_39',47.32),
(241,'Produto_40',47.54),
(242,'Produto_41',94.75),
(243,'Produto_42',30.13),
(244,'Produto_43',65.41),
(245,'Produto_44',35.67),
(246,'Produto_45',81.12),
(247,'Produto_46',97.56),
(248,'Produto_47',43.46),
(249,'Produto_48',23.60),
(250,'Produto_49',86.65),
(251,'Produto_50',61.44),
(252,'Produto_51',46.23),
(253,'Produto_52',45.84),
(254,'Produto_53',89.50),
(255,'Produto_54',9.00),
(256,'Produto_55',75.48),
(257,'Produto_56',49.42),
(258,'Produto_57',19.65),
(259,'Produto_58',49.01),
(260,'Produto_59',85.09),
(261,'Produto_60',77.40),
(262,'Produto_61',30.74),
(263,'Produto_62',20.51),
(264,'Produto_63',9.31),
(265,'Produto_64',84.02),
(266,'Produto_65',91.17),
(267,'Produto_66',2.78),
(268,'Produto_67',39.39),
(269,'Produto_68',87.63),
(270,'Produto_69',18.98),
(271,'Produto_70',31.01),
(272,'Produto_71',97.11),
(273,'Produto_72',91.53),
(274,'Produto_73',65.32),
(275,'Produto_74',51.01),
(276,'Produto_75',58.09),
(277,'Produto_76',36.40),
(278,'Produto_77',6.75),
(279,'Produto_78',23.55),
(280,'Produto_79',96.49),
(281,'Produto_80',10.79),
(282,'Produto_81',63.48),
(283,'Produto_82',84.04),
(284,'Produto_83',28.75),
(285,'Produto_84',90.62),
(286,'Produto_85',65.88),
(287,'Produto_86',56.53),
(288,'Produto_87',83.99),
(289,'Produto_88',49.37),
(290,'Produto_89',93.89),
(291,'Produto_90',20.32),
(292,'Produto_91',18.96),
(293,'Produto_92',32.83),
(294,'Produto_93',6.27),
(295,'Produto_94',31.86),
(296,'Produto_95',39.51),
(297,'Produto_96',100.95),
(298,'Produto_97',85.21),
(299,'Produto_98',22.20),
(300,'Produto_99',54.39),
(301,'Produto_0',61.11),
(302,'Produto_1',85.96),
(303,'Produto_2',45.45),
(304,'Produto_3',68.37),
(305,'Produto_4',4.52),
(306,'Produto_5',16.50),
(307,'Produto_6',67.94),
(308,'Produto_7',89.19),
(309,'Produto_8',41.14),
(310,'Produto_9',37.11),
(311,'Produto_10',61.14),
(312,'Produto_11',93.39),
(313,'Produto_12',82.50),
(314,'Produto_13',31.34),
(315,'Produto_14',8.19),
(316,'Produto_15',45.94),
(317,'Produto_16',4.14),
(318,'Produto_17',81.88),
(319,'Produto_18',95.97),
(320,'Produto_19',33.22),
(321,'Produto_20',77.20),
(322,'Produto_21',85.34),
(323,'Produto_22',94.08),
(324,'Produto_23',13.39),
(325,'Produto_24',83.70),
(326,'Produto_25',77.32),
(327,'Produto_26',34.51),
(328,'Produto_27',39.57),
(329,'Produto_28',93.35),
(330,'Produto_29',47.04),
(331,'Produto_30',54.16),
(332,'Produto_31',28.68),
(333,'Produto_32',79.90),
(334,'Produto_33',12.46),
(335,'Produto_34',21.59),
(336,'Produto_35',69.59),
(337,'Produto_36',82.18),
(338,'Produto_37',1.14),
(339,'Produto_38',58.16),
(340,'Produto_39',86.36),
(341,'Produto_40',56.33),
(342,'Produto_41',21.56),
(343,'Produto_42',37.81),
(344,'Produto_43',23.39),
(345,'Produto_44',2.51),
(346,'Produto_45',41.40),
(347,'Produto_46',98.45),
(348,'Produto_47',67.05),
(349,'Produto_48',38.88),
(350,'Produto_49',92.28),
(351,'Produto_50',43.76),
(352,'Produto_51',40.96),
(353,'Produto_52',72.52),
(354,'Produto_53',38.74),
(355,'Produto_54',75.11),
(356,'Produto_55',58.32),
(357,'Produto_56',65.30),
(358,'Produto_57',50.53),
(359,'Produto_58',55.76),
(360,'Produto_59',26.21),
(361,'Produto_60',62.76),
(362,'Produto_61',34.17),
(363,'Produto_62',81.57),
(364,'Produto_63',4.34),
(365,'Produto_64',75.99),
(366,'Produto_65',65.91),
(367,'Produto_66',100.61),
(368,'Produto_67',4.30),
(369,'Produto_68',18.68),
(370,'Produto_69',79.51),
(371,'Produto_70',40.51),
(372,'Produto_71',63.00),
(373,'Produto_72',92.49),
(374,'Produto_73',72.43),
(375,'Produto_74',83.70),
(376,'Produto_75',100.21),
(377,'Produto_76',48.93),
(378,'Produto_77',43.04),
(379,'Produto_78',67.41),
(380,'Produto_79',6.92),
(381,'Produto_80',31.36),
(382,'Produto_81',35.07),
(383,'Produto_82',80.25),
(384,'Produto_83',95.06),
(385,'Produto_84',33.55),
(386,'Produto_85',81.55),
(387,'Produto_86',6.11),
(388,'Produto_87',84.89),
(389,'Produto_88',5.14),
(390,'Produto_89',70.02),
(391,'Produto_90',33.68),
(392,'Produto_91',57.33),
(393,'Produto_92',84.61),
(394,'Produto_93',50.04),
(395,'Produto_94',95.41),
(396,'Produto_95',25.90),
(397,'Produto_96',42.26),
(398,'Produto_97',32.62),
(399,'Produto_98',35.32),
(400,'Produto_99',77.75),
(401,'Produto_0',10.61),
(402,'Produto_1',68.99),
(403,'Produto_2',12.11),
(404,'Produto_3',52.57),
(405,'Produto_4',25.54),
(406,'Produto_5',68.98),
(407,'Produto_6',67.29),
(408,'Produto_7',28.52),
(409,'Produto_8',39.72),
(410,'Produto_9',12.03),
(411,'Produto_10',39.99),
(412,'Produto_11',62.88),
(413,'Produto_12',93.42),
(414,'Produto_13',77.47),
(415,'Produto_14',6.10),
(416,'Produto_15',97.07),
(417,'Produto_16',66.06),
(418,'Produto_17',38.10),
(419,'Produto_18',91.33),
(420,'Produto_19',41.33),
(421,'Produto_20',31.67),
(422,'Produto_21',33.36),
(423,'Produto_22',70.80),
(424,'Produto_23',52.92),
(425,'Produto_24',51.19),
(426,'Produto_25',96.18),
(427,'Produto_26',26.33),
(428,'Produto_27',42.11),
(429,'Produto_28',30.57),
(430,'Produto_29',25.54),
(431,'Produto_30',34.96),
(432,'Produto_31',97.19),
(433,'Produto_32',80.05),
(434,'Produto_33',7.71),
(435,'Produto_34',97.40),
(436,'Produto_35',62.86),
(437,'Produto_36',21.10),
(438,'Produto_37',15.92),
(439,'Produto_38',15.29),
(440,'Produto_39',27.68),
(441,'Produto_40',91.53),
(442,'Produto_41',73.64),
(443,'Produto_42',92.59),
(444,'Produto_43',41.04),
(445,'Produto_44',26.42),
(446,'Produto_45',7.99),
(447,'Produto_46',59.69),
(448,'Produto_47',73.49),
(449,'Produto_48',87.38),
(450,'Produto_49',15.42),
(451,'Produto_50',13.97),
(452,'Produto_51',22.61),
(453,'Produto_52',70.10),
(454,'Produto_53',81.69),
(455,'Produto_54',97.17),
(456,'Produto_55',39.76),
(457,'Produto_56',6.28),
(458,'Produto_57',11.13),
(459,'Produto_58',35.83),
(460,'Produto_59',44.74),
(461,'Produto_60',15.21),
(462,'Produto_61',40.85),
(463,'Produto_62',57.61),
(464,'Produto_63',64.50),
(465,'Produto_64',48.65),
(466,'Produto_65',48.77),
(467,'Produto_66',96.88),
(468,'Produto_67',37.09),
(469,'Produto_68',93.83),
(470,'Produto_69',56.88),
(471,'Produto_70',1.89),
(472,'Produto_71',37.83),
(473,'Produto_72',82.46),
(474,'Produto_73',97.80),
(475,'Produto_74',40.64),
(476,'Produto_75',8.79),
(477,'Produto_76',21.03),
(478,'Produto_77',77.80),
(479,'Produto_78',24.89),
(480,'Produto_79',90.06),
(481,'Produto_80',74.61),
(482,'Produto_81',1.87),
(483,'Produto_82',84.54),
(484,'Produto_83',16.09),
(485,'Produto_84',25.84),
(486,'Produto_85',79.93),
(487,'Produto_86',21.12),
(488,'Produto_87',64.83),
(489,'Produto_88',59.76),
(490,'Produto_89',3.31),
(491,'Produto_90',36.29),
(492,'Produto_91',70.51),
(493,'Produto_92',42.67),
(494,'Produto_93',100.83),
(495,'Produto_94',75.15),
(496,'Produto_95',72.24),
(497,'Produto_96',34.77),
(498,'Produto_97',56.11),
(499,'Produto_98',75.26),
(500,'Produto_99',6.95),
(501,'Produto_0',9.99),
(502,'Produto_1',74.52),
(503,'Produto_2',41.65),
(504,'Produto_3',83.69),
(505,'Produto_4',92.50),
(506,'Produto_5',10.44),
(507,'Produto_6',73.68),
(508,'Produto_7',36.09),
(509,'Produto_8',58.43),
(510,'Produto_9',82.85),
(511,'Produto_10',37.99),
(512,'Produto_11',40.38),
(513,'Produto_12',86.93),
(514,'Produto_13',12.51),
(515,'Produto_14',100.75),
(516,'Produto_15',65.24),
(517,'Produto_16',22.94),
(518,'Produto_17',17.97),
(519,'Produto_18',20.03),
(520,'Produto_19',45.22),
(521,'Produto_20',65.05),
(522,'Produto_21',88.56),
(523,'Produto_22',46.65),
(524,'Produto_23',66.56),
(525,'Produto_24',91.87),
(526,'Produto_25',58.65),
(527,'Produto_26',16.66),
(528,'Produto_27',6.35),
(529,'Produto_28',80.78),
(530,'Produto_29',83.85),
(531,'Produto_30',75.92),
(532,'Produto_31',27.06),
(533,'Produto_32',6.51),
(534,'Produto_33',50.36),
(535,'Produto_34',31.29),
(536,'Produto_35',4.39),
(537,'Produto_36',27.05),
(538,'Produto_37',21.09),
(539,'Produto_38',23.28),
(540,'Produto_39',52.15),
(541,'Produto_40',89.91),
(542,'Produto_41',92.10),
(543,'Produto_42',89.76),
(544,'Produto_43',71.51),
(545,'Produto_44',87.28),
(546,'Produto_45',20.85),
(547,'Produto_46',41.42),
(548,'Produto_47',43.53),
(549,'Produto_48',92.42),
(550,'Produto_49',30.49),
(551,'Produto_50',74.19),
(552,'Produto_51',78.49),
(553,'Produto_52',68.89),
(554,'Produto_53',7.96),
(555,'Produto_54',32.12),
(556,'Produto_55',35.72),
(557,'Produto_56',81.25),
(558,'Produto_57',98.10),
(559,'Produto_58',45.72),
(560,'Produto_59',33.33),
(561,'Produto_60',28.49),
(562,'Produto_61',41.45),
(563,'Produto_62',20.80),
(564,'Produto_63',78.64),
(565,'Produto_64',29.80),
(566,'Produto_65',12.08),
(567,'Produto_66',70.00),
(568,'Produto_67',12.76),
(569,'Produto_68',52.79),
(570,'Produto_69',24.68),
(571,'Produto_70',64.02),
(572,'Produto_71',45.06),
(573,'Produto_72',32.25),
(574,'Produto_73',25.06),
(575,'Produto_74',27.56),
(576,'Produto_75',61.60),
(577,'Produto_76',24.31),
(578,'Produto_77',35.77),
(579,'Produto_78',4.91),
(580,'Produto_79',16.24),
(581,'Produto_80',65.46),
(582,'Produto_81',77.61),
(583,'Produto_82',90.64),
(584,'Produto_83',19.38),
(585,'Produto_84',23.99),
(586,'Produto_85',60.80),
(587,'Produto_86',31.02),
(588,'Produto_87',71.72),
(589,'Produto_88',64.53),
(590,'Produto_89',6.47),
(591,'Produto_90',37.79),
(592,'Produto_91',68.53),
(593,'Produto_92',28.30),
(594,'Produto_93',34.90),
(595,'Produto_94',88.60),
(596,'Produto_95',37.28),
(597,'Produto_96',19.60),
(598,'Produto_97',85.16),
(599,'Produto_98',66.02),
(600,'Produto_99',73.62),
(601,NULL,NULL);

/*Table structure for table `produtocategoria` */

DROP TABLE IF EXISTS `produtocategoria`;

CREATE TABLE `produtocategoria` (
  `ID_Produto` int NOT NULL,
  `ID_Categoria` int NOT NULL,
  PRIMARY KEY (`ID_Produto`,`ID_Categoria`),
  KEY `ID_Categoria` (`ID_Categoria`),
  CONSTRAINT `produtocategoria_ibfk_1` FOREIGN KEY (`ID_Produto`) REFERENCES `produto` (`ID_Produto`),
  CONSTRAINT `produtocategoria_ibfk_2` FOREIGN KEY (`ID_Categoria`) REFERENCES `categoria` (`ID_Categoria`)
) ENGINE=InnoDB DEFAULT CHARSET=utf8mb4 COLLATE=utf8mb4_0900_ai_ci;

/*Data for the table `produtocategoria` */

insert  into `produtocategoria`(`ID_Produto`,`ID_Categoria`) values 
(477,3),
(481,3),
(27,5),
(149,5),
(472,8),
(417,9),
(65,11),
(208,13),
(119,14),
(197,18),
(250,18),
(367,18),
(120,19),
(200,19),
(205,19),
(463,23),
(467,24),
(316,31),
(180,33),
(201,33),
(76,34),
(153,35),
(553,38),
(435,39),
(394,40),
(441,42),
(480,47),
(531,47),
(4,48),
(189,48),
(281,48),
(68,50),
(172,51),
(455,54),
(373,55),
(279,56),
(200,58),
(47,60),
(61,61),
(171,62),
(500,62),
(115,64),
(117,65),
(340,67),
(361,67),
(536,67),
(323,68),
(305,69),
(174,74),
(408,76),
(169,78),
(232,78),
(75,81),
(366,81),
(40,86),
(178,86),
(395,87),
(326,88),
(101,89),
(239,90),
(368,91),
(345,94),
(574,95),
(4,96),
(160,98),
(259,98),
(497,102),
(113,104),
(279,104),
(151,105),
(182,105),
(163,107),
(331,108),
(364,108),
(267,109),
(541,110),
(213,111),
(25,115),
(153,116),
(437,118),
(151,120),
(279,120),
(116,122),
(305,123),
(90,124),
(413,125),
(220,127),
(10,129),
(143,129),
(427,129),
(292,130),
(238,131),
(167,132),
(323,132),
(505,132),
(387,133),
(294,134),
(418,134),
(243,135),
(555,136),
(477,137),
(482,138),
(242,139),
(463,140),
(67,141),
(239,142),
(524,143),
(597,143),
(32,144),
(473,152),
(581,152),
(110,155),
(50,156),
(119,157),
(48,158),
(106,159),
(209,159),
(573,159),
(390,160),
(217,163),
(127,167),
(278,167),
(315,167),
(40,168),
(339,169),
(460,169),
(408,170),
(41,172),
(89,173),
(327,174),
(60,175),
(99,176),
(352,177),
(57,180),
(297,180),
(482,182),
(95,186),
(113,186),
(187,188),
(477,188),
(111,189),
(161,189),
(471,190),
(87,192),
(236,193),
(203,194),
(258,194),
(550,194),
(215,196),
(282,196),
(398,198),
(413,198),
(278,201),
(110,203),
(344,204),
(342,208),
(48,210),
(480,211),
(136,212),
(221,214),
(17,215),
(100,216),
(452,217),
(94,218),
(267,218),
(481,219),
(315,220),
(308,221),
(71,222),
(24,224),
(225,224),
(537,228),
(279,229),
(252,230),
(152,244),
(310,244),
(425,244),
(457,244),
(310,245),
(483,249),
(476,257),
(400,262),
(566,265),
(542,269),
(578,269),
(61,271),
(47,275),
(32,277),
(248,280),
(325,290),
(495,297),
(305,304),
(286,305),
(489,306),
(207,307),
(526,311),
(444,313),
(202,323),
(257,324),
(342,324);

/*Table structure for table `produtofornecedor` */

DROP TABLE IF EXISTS `produtofornecedor`;

CREATE TABLE `produtofornecedor` (
  `ID_Produto` int NOT NULL,
  `ID_Fornecedor` int NOT NULL,
  PRIMARY KEY (`ID_Produto`,`ID_Fornecedor`),
  KEY `ID_Fornecedor` (`ID_Fornecedor`),
  CONSTRAINT `produtofornecedor_ibfk_1` FOREIGN KEY (`ID_Produto`) REFERENCES `produto` (`ID_Produto`),
  CONSTRAINT `produtofornecedor_ibfk_2` FOREIGN KEY (`ID_Fornecedor`) REFERENCES `fornecedor` (`ID_Fornecedor`)
) ENGINE=InnoDB DEFAULT CHARSET=utf8mb4 COLLATE=utf8mb4_0900_ai_ci;

/*Data for the table `produtofornecedor` */

insert  into `produtofornecedor`(`ID_Produto`,`ID_Fornecedor`) values 
(118,1),
(199,1),
(225,1),
(25,3),
(139,3),
(219,4),
(225,5),
(354,5),
(385,5),
(23,7),
(204,7),
(228,8),
(368,8),
(277,9),
(376,9),
(45,10),
(261,10),
(161,11),
(85,13),
(4,14),
(150,15),
(42,16),
(171,16),
(271,16),
(316,17),
(133,20),
(155,20),
(296,20),
(326,21),
(277,22),
(226,23),
(218,24),
(377,24),
(42,26),
(163,26),
(298,26),
(267,27),
(388,27),
(17,28),
(250,28),
(161,29),
(215,29),
(340,30),
(61,31),
(334,31),
(395,31),
(217,32),
(313,32),
(133,34),
(97,35),
(312,35),
(91,36),
(104,36),
(212,36),
(282,36),
(34,37),
(46,38),
(65,38),
(15,39),
(38,39),
(164,39),
(176,39),
(25,40),
(155,40),
(218,40),
(250,40),
(262,41),
(15,43),
(134,43),
(87,45),
(55,46),
(347,46),
(104,47),
(205,47),
(371,47),
(133,48),
(298,48),
(374,48),
(36,49),
(129,49),
(132,49),
(153,49),
(234,49),
(281,49),
(326,49),
(396,49),
(257,50),
(390,51),
(23,52),
(228,52),
(244,53),
(213,54),
(68,55),
(11,56),
(334,57),
(74,58),
(372,58),
(320,59),
(23,60),
(99,60),
(128,60),
(208,60),
(219,60),
(15,61),
(194,61),
(283,61),
(50,62),
(22,63),
(85,63),
(173,63),
(80,64),
(369,64),
(68,65),
(199,65),
(290,65),
(122,66),
(210,66),
(249,66),
(292,66),
(1,67),
(205,67),
(345,67),
(136,69),
(13,70),
(147,70),
(285,71),
(291,71),
(36,72),
(239,72),
(93,73),
(230,74),
(132,75),
(273,75),
(343,75),
(149,76),
(177,76),
(180,76),
(288,76),
(289,76),
(363,76),
(367,77),
(45,78),
(231,79),
(254,79),
(364,79),
(379,79),
(68,80),
(180,80),
(8,82),
(131,82),
(246,82),
(377,82),
(156,83),
(192,83),
(219,83),
(36,84),
(322,84),
(196,85),
(240,85),
(261,85),
(170,86),
(300,86),
(375,86),
(187,87),
(379,87),
(113,88),
(153,88),
(188,88),
(326,88),
(181,89),
(207,89),
(325,90),
(394,90),
(397,90),
(151,91),
(161,91),
(251,91),
(255,91),
(157,92),
(225,92),
(272,92),
(139,93),
(204,93),
(363,93),
(176,94),
(210,94),
(315,94),
(16,95),
(135,95),
(164,95),
(17,96),
(140,96),
(257,96),
(330,96),
(141,97),
(333,97),
(220,99),
(276,99),
(138,100);

/* Procedure structure for procedure `popula_avaliacao` */

/*!50003 DROP PROCEDURE IF EXISTS  `popula_avaliacao` */;

DELIMITER $$

/*!50003 CREATE DEFINER=`root`@`localhost` PROCEDURE `popula_avaliacao`(v1 INT)
BEGIN
  DECLARE i INT DEFAULT 0;
  WHILE i < v1 DO
    INSERT INTO Avaliacao (Comentario, Avaliacao, ID_Produto, ID_Cliente)
    VALUES (
      CONCAT('Comentario_', i),
      FLOOR(RAND() * 5 + 1),
      FLOOR(RAND() * (SELECT MAX(ID_Produto) FROM Produto) + 1),
      FLOOR(RAND() * (SELECT MAX(ID_Cliente) FROM Cliente) + 1)
    );
    SET i = i + 1;
  END WHILE;
END */$$
DELIMITER ;

/* Procedure structure for procedure `popula_categoria` */

/*!50003 DROP PROCEDURE IF EXISTS  `popula_categoria` */;

DELIMITER $$

/*!50003 CREATE DEFINER=`root`@`localhost` PROCEDURE `popula_categoria`(v1 INT)
BEGIN
  DECLARE i INT DEFAULT 0;
  WHILE i < v1 DO
    INSERT INTO Categoria (Nome)
    VALUES (
      CONCAT('Categoria_', i)
    );
    SET i = i + 1;
  END WHILE;
END */$$
DELIMITER ;

/* Procedure structure for procedure `popula_cliente` */

/*!50003 DROP PROCEDURE IF EXISTS  `popula_cliente` */;

DELIMITER $$

/*!50003 CREATE DEFINER=`root`@`localhost` PROCEDURE `popula_cliente`(v1 INT)
BEGIN
  DECLARE i INT DEFAULT 0;
  WHILE i < v1 DO
    INSERT INTO Cliente (Nome, Email)
    VALUES (
      CONCAT('Cliente_', i),
      CONCAT('cliente', i, '@exemplo.com')
    );
    SET i = i + 1;
  END WHILE;
END */$$
DELIMITER ;

/* Procedure structure for procedure `popula_detalhes_pedido` */

/*!50003 DROP PROCEDURE IF EXISTS  `popula_detalhes_pedido` */;

DELIMITER $$

/*!50003 CREATE DEFINER=`root`@`localhost` PROCEDURE `popula_detalhes_pedido`(v1 INT)
BEGIN
  DECLARE i INT DEFAULT 0;
  DECLARE id_pedido INT;
  DECLARE id_produto INT;
  WHILE i < v1 DO
    -- Certificar-se de que os IDs so vlidos e no nulos
    SET id_pedido = (SELECT FLOOR(RAND() * (SELECT COALESCE(MAX(ID_Pedido), 1) FROM Pedido) + 1));
    SET id_produto = (SELECT FLOOR(RAND() * (SELECT COALESCE(MAX(ID_Produto), 1) FROM Produto) + 1));
    -- Verifica se a combinao (ID_Pedido, ID_Produto) j existe
    IF NOT EXISTS (SELECT 1 FROM DetalhesPedido WHERE ID_Pedido = id_pedido AND ID_Produto = id_produto) THEN
      INSERT INTO DetalhesPedido (ID_Pedido, ID_Produto, Quantidade, PrecoUnitario)
      VALUES (
        id_pedido,
        id_produto,
        FLOOR(RAND() * 10 + 1),
        (SELECT Preco FROM Produto WHERE ID_Produto = id_produto)
      );
      SET i = i + 1;
    END IF;
  END WHILE;
END */$$
DELIMITER ;

/* Procedure structure for procedure `popula_endereco` */

/*!50003 DROP PROCEDURE IF EXISTS  `popula_endereco` */;

DELIMITER $$

/*!50003 CREATE DEFINER=`root`@`localhost` PROCEDURE `popula_endereco`(v1 INT)
BEGIN
  DECLARE i INT DEFAULT 0;
  WHILE i < v1 DO
    INSERT INTO Endereco (Rua, Cidade, ID_Cliente)
    VALUES (
      CONCAT('Rua_', i),
      CONCAT('Cidade_', i),
      i + 1  -- Presumindo que cada cliente ter um endereo nico
    );
    SET i = i + 1;
  END WHILE;
END */$$
DELIMITER ;

/* Procedure structure for procedure `popula_fornecedor` */

/*!50003 DROP PROCEDURE IF EXISTS  `popula_fornecedor` */;

DELIMITER $$

/*!50003 CREATE DEFINER=`root`@`localhost` PROCEDURE `popula_fornecedor`(v1 INT)
BEGIN
  DECLARE i INT DEFAULT 0;
  WHILE i < v1 DO
    INSERT INTO Fornecedor (Nome, Email)
    VALUES (
      CONCAT('Fornecedor_', i),
      CONCAT('fornecedor', i, '@exemplo.com')
    );
    SET i = i + 1;
  END WHILE;
END */$$
DELIMITER ;

/* Procedure structure for procedure `popula_pagamento` */

/*!50003 DROP PROCEDURE IF EXISTS  `popula_pagamento` */;

DELIMITER $$

/*!50003 CREATE DEFINER=`root`@`localhost` PROCEDURE `popula_pagamento`(v1 INT)
BEGIN
  DECLARE i INT DEFAULT 0;
  WHILE i < v1 DO
    INSERT INTO Pagamento (Metodo, Valor, ID_Pedido)
    VALUES (
      IF(RAND() < 0.5, 'Carto de Crdito', 'Boleto'),
      ROUND(RAND() * 1000 + 1, 2),
      i + 1 -- Presumindo que cada pedido ter um pagamento nico
    );
    SET i = i + 1;
  END WHILE;
END */$$
DELIMITER ;

/* Procedure structure for procedure `popula_pedido` */

/*!50003 DROP PROCEDURE IF EXISTS  `popula_pedido` */;

DELIMITER $$

/*!50003 CREATE DEFINER=`root`@`localhost` PROCEDURE `popula_pedido`(v1 INT)
BEGIN
  DECLARE i INT DEFAULT 0;
  WHILE i < v1 DO
    INSERT INTO Pedido (DataPedido, ID_Cliente)
    VALUES (
      DATE_ADD('2022-01-01', INTERVAL FLOOR(RAND() * 365) DAY),
      FLOOR(RAND() * (SELECT MAX(ID_Cliente) FROM Cliente) + 1)
    );
    SET i = i + 1;
  END WHILE;
END */$$
DELIMITER ;

/* Procedure structure for procedure `popula_produto` */

/*!50003 DROP PROCEDURE IF EXISTS  `popula_produto` */;

DELIMITER $$

/*!50003 CREATE DEFINER=`root`@`localhost` PROCEDURE `popula_produto`(v1 INT)
BEGIN
  DECLARE i INT DEFAULT 0;
  WHILE i < v1 DO
    INSERT INTO Produto (Nome, Preco)
    VALUES (
      CONCAT('Produto_', i),
      ROUND(RAND() * 100 + 1, 2)
    );
    SET i = i + 1;
  END WHILE;
END */$$
DELIMITER ;

/* Procedure structure for procedure `popula_produto_categoria` */

/*!50003 DROP PROCEDURE IF EXISTS  `popula_produto_categoria` */;

DELIMITER $$

/*!50003 CREATE DEFINER=`root`@`localhost` PROCEDURE `popula_produto_categoria`(v1 INT)
BEGIN
  DECLARE i INT DEFAULT 0;
  WHILE i < v1 DO
    INSERT INTO ProdutoCategoria (ID_Produto, ID_Categoria)
    VALUES (
      FLOOR(RAND() * (SELECT MAX(ID_Produto) FROM Produto) + 1),
      FLOOR(RAND() * (SELECT MAX(ID_Categoria) FROM Categoria) + 1)
    );
    SET i = i + 1;
  END WHILE;
END */$$
DELIMITER ;

/* Procedure structure for procedure `popula_produto_fornecedor` */

/*!50003 DROP PROCEDURE IF EXISTS  `popula_produto_fornecedor` */;

DELIMITER $$

/*!50003 CREATE DEFINER=`root`@`localhost` PROCEDURE `popula_produto_fornecedor`(v1 INT)
BEGIN
  DECLARE i INT DEFAULT 0;
  WHILE i < v1 DO
    INSERT INTO ProdutoFornecedor (ID_Produto, ID_Fornecedor)
    VALUES (
      FLOOR(RAND() * (SELECT MAX(ID_Produto) FROM Produto) + 1),
      FLOOR(RAND() * (SELECT MAX(ID_Fornecedor) FROM Fornecedor) + 1)
    );
    SET i = i + 1;
  END WHILE;
END */$$
DELIMITER ;

/*!40101 SET SQL_MODE=@OLD_SQL_MODE */;
/*!40014 SET FOREIGN_KEY_CHECKS=@OLD_FOREIGN_KEY_CHECKS */;
/*!40014 SET UNIQUE_CHECKS=@OLD_UNIQUE_CHECKS */;
/*!40111 SET SQL_NOTES=@OLD_SQL_NOTES */;
